year,Sundhedsråd_navn,Sundhedsråd_kode,mand,alder_18_34,alder_35_44,alder_45_54,alder_55_64,alder_65_74,alder_75_,enlig,samlev,opr_land_dk,opr_land_vest,opr_land_ikke_vest,dispon_13,socio_arbløs,socio_beskæft,socio_overførsel,socio_pension,socio_stud,socio_øvrige,udd_Grund,udd_Gym,udd_Erhverv,udd_KVU,udd_MVU,udd_LVU,udd_NA,mr,ct,rgt,FP,ryg_pt,incident
2007,Vendsyssel,1,.47600922,.16426311,.19889562,.21642631,.20586501,.1380475,.076502442,.41173002,.58827001,.95636094,.017691525,.025947569,170843.4260179598,.013509891,.5331046,.15713289,.26054791,.017745135,.017798746,.39377043,.01897818,.40143678,.027877552,.109473,.019675119,.028788935,.042727713,.0064332816,.094140351,.0067013348,18653,683
2007,Limfjorden,2,.47717911,.20652743,.20863912,.20928726,.1963035,.11503481,.064207904,.42938384,.57061613,.94787681,.017416213,.034706976,173949.497064697,.010725711,.56321478,.16356185,.2129043,.031758975,.017708922,.38867632,.029939994,.38215309,.02768195,.11495118,.029082773,.027514689,.039975747,.0084049422,.095820524,.0068159485,47829,1832
2007,Kronjylland,3,.47760287,.19836906,.21403375,.210696,.20128959,.11761805,.057993554,.41054428,.58945572,.94773376,.016840508,.035425752,178850.5714366231,.0074720271,.58869714,.15573677,.21179594,.020860991,.015171629,.36859474,.027688224,.41141665,.032012139,.11223213,.026095202,.021960933,.044832163,.0056893607,.088109232,.0068272329,26365,1076
2007,Horsens,4,.47535226,.20265469,.22711864,.20824996,.19685522,.10986318,.055258323,.38901368,.61098629,.93506229,.018705329,.046232387,184928.8778899371,.0052685319,.62630183,.13526648,.19636512,.020012252,.01654074,.3477231,.024259752,.41261998,.039616093,.12456606,.027976312,.023238719,.05117419,.0066162958,.087931387,.0072289156,24485,916
2007,Aarhus,5,.46373463,.26083222,.19221087,.195676,.17678069,.10635273,.068147488,.50288761,.49711239,.86373466,.026950985,.10931438,191881.8563882355,.011876203,.53226715,.16730343,.19751221,.071286835,.019487634,.28354806,.080023691,.33049014,.03663557,.1620317,.072826892,.034443952,.045638975,.0064860061,.074840814,.01081001,33765,1378
2007,Vestjylland,6,.47772342,.19475323,.21357641,.21911961,.19635394,.11771157,.058485251,.38325182,.61674821,.93380761,.018200682,.0479917,186626.0919576373,.0061360607,.6061064,.14192975,.2086557,.021876389,.015236401,.39522752,.023239959,.39922929,.030117089,.10875945,.019919964,.023506744,.045501705,.0062546316,.092100196,.0099006966,33735,1124
2007,Midt,7,.47217253,.20511144,.21536186,.21082141,.19458586,.11413044,.059988994,.40392819,.59607184,.94290036,.018024215,.039075401,181435.2518015584,.0066386904,.609074,.14051321,.20686571,.022908641,.01393093,.34844524,.026967529,.40781507,.03346863,.12902449,.029788112,.024490919,.029134562,.0062603191,.1029169,.0077394056,29072,1323
2007,Fyn,8,.46496701,.21229777,.21537369,.20934016,.18664044,.11468161,.061666321,.43108752,.56891251,.91422909,.019993493,.065777406,175076.8621908248,.012111443,.55776227,.16652864,.20834935,.037029371,.01808583,.34876224,.037236404,.39172164,.034293573,.12895212,.030093756,.028940286,.05070835,.010011535,.077193812,.0078376858,67622,2765
2007,Trekantsområdet,9,.46650401,.21271729,.21815594,.20626207,.18887873,.11532988,.058656093,.41854733,.58145267,.91775948,.01918776,.063052759,183353.3043243919,.0069635049,.60086918,.14557284,.20738029,.022466199,.016722579,.36200061,.027599879,.39389551,.034004271,.12798618,.027498221,.027015351,.060308021,.0055657211,.088517837,.0074717901,39348,1446
2007,Sydvestjylland,10,.47873101,.21363164,.2195415,.21200806,.18567346,.11433303,.054812312,.41281337,.58718663,.93586832,.02113911,.042992596,181669.4560809465,.0051954798,.59072608,.1651838,.19762307,.025327964,.015911158,.38391349,.022178205,.40440318,.03454994,.11046889,.018833615,.025652682,.059423301,.0060397456,.086569682,.0092219766,30796,1232
2007,Sønderjylland,11,.47611377,.18373802,.20608652,.21832986,.19882253,.12984388,.063179165,.39451098,.60548902,.91236341,.042353768,.045282796,172164.7068217837,.0085234763,.57488066,.14981987,.2321256,.01971237,.014674438,.38551888,.021089014,.40546557,.030403327,.10869629,.021294046,.027532879,.065170906,.0067660585,.090360567,.010603087,34141,1436
2007,Hovedstaden,12,.46466139,.28187376,.20140411,.16917025,.16143557,.098190404,.087925918,.60973191,.39026812,.80423653,.044991829,.15077165,173778.978274038,.023966592,.51511228,.16990861,.20676632,.055050537,.028796224,.30912063,.087478064,.29489803,.031616535,.14329118,.077431463,.056164134,.024704957,.012152757,.052048661,.0041275797,82615,3073
2007,Hovedstaden Syd og Vest,13,.46277016,.21299399,.21092211,.19774908,.18375751,.12106407,.07351324,.43000385,.56999618,.81281495,.025425246,.16175981,180902.6108318015,.015935542,.57055891,.141348,.22690882,.024069574,.020974549,.37091699,.04133521,.39941168,.030873513,.096355036,.025246195,.035861362,.025911242,.017649315,.062846914,.0066504669,39095,1511
2007,Hovedstaden Nord,14,.45010635,.16850962,.20262164,.19372952,.18683046,.1402043,.10810448,.43360609,.56639391,.88070369,.03589429,.083402008,236050.6831491172,.0093520628,.56769705,.10563232,.26438743,.027596252,.025239071,.26057377,.050171517,.35244629,.036545869,.15887009,.10164619,.03974627,.035434354,.011383453,.062532343,.0053659379,52181,2054
2007,Nordsjælland,15,.46557754,.16894329,.21462135,.1961261,.20839253,.14039449,.071522236,.39391869,.60608131,.89539397,.029477652,.075128399,207013.8023734859,.009780352,.58430773,.1278822,.23923615,.018686483,.020079773,.29567808,.036935855,.38107857,.037372965,.15533821,.060894985,.032701343,.017101957,.0070210905,.077150039,.0058463556,36604,1197
2007,Østsjælland og ørene,16,.46802211,.18388072,.21332499,.1988948,.21032217,.12570117,.06787613,.41397142,.58602858,.92701489,.021520175,.051464915,184270.1253286404,.0094463555,.56799084,.15251799,.23025753,.021832969,.017829215,.35527056,.027400687,.4170368,.030278387,.11193828,.029861329,.02821395,.027004484,.005901366,.079616308,.007673861,47955,1701
2007,Midt og Vestsjælland,17,.47254178,.19942027,.21874438,.20494787,.19742046,.11729283,.062174186,.42247888,.57752115,.92982656,.015077297,.055096172,178846.959662908,.011212476,.57403827,.16295165,.21207082,.021346396,.018245552,.37037119,.027076218,.40090778,.031592667,.1164165,.025525795,.028109834,.036221463,.012628078,.091340102,.0081116306,44504,1542
2008,Vendsyssel,1,.47698945,.15814424,.18978374,.21694897,.20656227,.1441355,.084425271,.4114733,.58852667,.95594972,.018110152,.02594013,166763.1962607948,.0053797807,.5302546,.15782465,.27309045,.016512198,.016778523,.39117929,.018962394,.40145946,.028017471,.11201662,.019814637,.028550122,.035208266,.0058059017,.090124637,.0081495689,18774,650
2008,Limfjorden,2,.47742754,.19770421,.20280828,.21091227,.19822504,.12126831,.069081895,.42761609,.57238388,.94712609,.018207954,.034665946,174428.575868869,.0039374181,.56311327,.16180913,.22612029,.027999416,.01695798,.38365868,.029686881,.38459617,.028228579,.11697673,.03010354,.026749443,.033145145,.0075623426,.089664802,.0088956477,48001,1748
2008,Kronjylland,3,.47713426,.18781497,.21252351,.20883791,.20496427,.12425724,.061602104,.41263634,.58736366,.94697255,.01763821,.035389245,178256.3716387752,.0027830012,.58890563,.15227529,.22384354,.01643475,.015494547,.36329448,.026212862,.41353893,.033019934,.11511847,.027153065,.02166228,.036931176,.0059044752,.076231666,.0080481386,26590,852
2008,Horsens,4,.47488436,.19220157,.22470178,.20818794,.19849063,.11778788,.058630202,.38420027,.61579973,.93293029,.019719224,.047350481,182886.8051876512,.0023938976,.62192649,.1336931,.2095269,.016473262,.015783494,.34253022,.02450702,.41430658,.039438449,.12780979,.028726771,.022681165,.050515298,.0076280124,.082690902,.0067759473,24646,909
2008,Aarhus,5,.46582377,.25129849,.18920845,.19579735,.17890957,.1117146,.073071554,.50277507,.49722496,.85982251,.027572492,.11260499,187242.8066058517,.0047784406,.53637254,.16917461,.20787701,.06295076,.018668566,.28142345,.079333983,.32935625,.037188735,.16311994,.075742736,.033834923,.038049448,.0070044221,.059745349,.013533968,33693,1274
2008,Vestjylland,6,.4772099,.18734929,.2079633,.22007881,.1968182,.12350762,.064282775,.38316768,.61683232,.93204141,.019584779,.048373815,179076.6033312841,.0022937129,.6010704,.14623889,.21884373,.017291067,.01417397,.39122507,.022613656,.40039992,.030406399,.1113627,.019996472,.023995765,.039081339,.0073810504,.08789625,.0089690052,34006,1157
2008,Midt,7,.47232938,.1955208,.20921102,.2137858,.19692056,.12054897,.06401284,.40411732,.59588271,.94155198,.018708818,.039739169,179949.4118301088,.0027312143,.60370082,.14263767,.21784848,.018640539,.014373016,.34382576,.026424499,.41067222,.034379162,.13048376,.030828582,.023386024,.025297873,.0063159331,.10286436,.0075449799,29291,1263
2008,Fyn,8,.46420965,.2015218,.21086417,.21247998,.18766984,.12043715,.06702704,.4320108,.56798917,.91296619,.020711841,.066321962,175659.0040974093,.0046711811,.56299484,.16562128,.22023591,.030920869,.0154384,.34452164,.037237246,.39229107,.034784142,.13240889,.031141208,.027615787,.05517282,.0052734404,.07083156,.009768351,68077,2811
2008,Trekantsområdet,9,.46542862,.20223756,.21518923,.20788187,.18961346,.12062188,.064455979,.41820794,.58179206,.91533536,.020233836,.064430781,184068.1403532624,.0027969561,.60132039,.14473619,.21859095,.017714055,.014816308,.35712847,.027163232,.39464799,.034747768,.13128056,.028549111,.026482891,.058710881,.0051151537,.080582574,.0087436372,39686,1461
2008,Sydvestjylland,10,.47818112,.20412564,.21423055,.2151638,.18558924,.12109803,.059792753,.4147197,.5852803,.93534786,.022076335,.042575788,179933.7114513036,.0021239622,.59326124,.16216129,.20991826,.019051297,.013451761,.38006049,.02246251,.40554804,.034948833,.11234473,.01937311,.025262278,.062946513,.0061144363,.077942975,.010780717,31074,1210
2008,Sønderjylland,11,.47551206,.17469336,.19989511,.22095971,.19896279,.13670133,.068787694,.39606094,.60393906,.90947759,.044226903,.046295486,170601.9778144496,.0032339829,.57101649,.15091921,.24324797,.01619905,.015121056,.38128951,.022171721,.40617079,.030737406,.11088774,.021589022,.027153803,.065291494,.0072546108,.086909652,.0098476242,34323,1415
2008,Hovedstaden,12,.46562618,.27083915,.20166543,.17192389,.1627202,.10326146,.089589849,.60869724,.39130276,.80013633,.046176694,.15368696,176583.8116322805,.011528957,.52641189,.16928209,.21330395,.04790543,.031165922,.30537733,.086704567,.29362926,.032115508,.14640678,.081262708,.054503839,.023922279,.0099341376,.052555971,.0053079459,82141,3152
2008,Hovedstaden Syd og Vest,13,.46398878,.20555981,.20777863,.20112216,.18087223,.12588625,.078780927,.42935476,.57064527,.80548328,.02634532,.16817139,184568.8726611207,.006401428,.57301706,.14330527,.23440449,.019561337,.02302984,.3682479,.041851569,.39813823,.031140015,.098393269,.02614129,.036087733,.028742667,.011400153,.065289468,.0074725836,39210,1514
2008,Hovedstaden Nord,14,.45123944,.1615608,.19721533,.19673455,.18513818,.1457528,.11359834,.43512374,.56487626,.87793994,.036193002,.085867032,228786.2205463937,.0039616148,.56714553,.10436739,.27413988,.023558145,.026692821,.2586396,.049539413,.35089135,.03732764,.1609454,.10434816,.03830843,.035846844,.0098271118,.059866536,.0066732052,51999,1951
2008,Nordsjælland,15,.46482015,.15829569,.2098275,.19840017,.20626326,.14931709,.077896282,.39592969,.60407031,.89459652,.030228002,.075175494,204290.5294161195,.0042716437,.57824999,.12814932,.25270718,.015399684,.02122218,.29346466,.036376994,.38175437,.037356477,.15720738,.061598737,.032241389,.018528596,.0064482777,.078603692,.005223921,36754,1167
2008,Østsjælland og ørene,16,.46820149,.17477748,.21040262,.19929707,.20911323,.13422345,.072186172,.41398385,.58601612,.92554694,.022190334,.052262709,184769.3196155258,.0040346063,.56076866,.15100656,.24500874,.018322103,.02071375,.35306963,.027597537,.41758174,.030342733,.11382165,.030800266,.026786458,.019715497,.0064054569,.078383662,.0084435567,48084,1694
2008,Midt og Vestsjælland,17,.4712989,.19258666,.21481334,.20493481,.19894984,.12303653,.065678813,.42270726,.57729274,.92860323,.015930228,.055466559,178426.2651127224,.0043830373,.57184178,.16306233,.2217105,.017420905,.02144796,.36695147,.026654208,.40190449,.032461174,.11894273,.025897743,.027188182,.028723357,.0083433455,.088372715,.0077871224,44946,1496
2009,Vendsyssel,1,.47707981,.15147495,.18171689,.21811333,.20734295,.15083829,.09051358,.41399619,.58600384,.9555921,.018887946,.025519948,171218.8281689083,.015916808,.50498724,.16256367,.28300086,.017296264,.016129032,.38667232,.018781833,.40465832,.028968591,.11332767,.020426571,.027164686,.044885401,.0065258914,.10032894,.011300934,18848,740
2009,Limfjorden,2,.47627249,.19011059,.19567157,.21312223,.19915755,.12748739,.074450649,.42746872,.57253128,.94488823,.019878406,.035233334,176665.1796385258,.015769925,.52972424,.17091694,.23733737,.028551864,.017637417,.37851971,.030481605,.38480693,.028510364,.11966468,.031166352,.026850373,.037246075,.008113211,.099537276,.0091299564,48193,1837
2009,Kronjylland,3,.47640836,.17519316,.20771135,.21149951,.20662366,.13056035,.068411969,.41167206,.58832794,.94591552,.018078163,.036006302,183228.2059964588,.012602205,.55400944,.16217838,.23569125,.018753283,.016540395,.35845023,.026104568,.4154602,.03338084,.11690796,.028467482,.021228716,.025354438,.0064886357,.088928059,.0087015228,26662,986
2009,Horsens,4,.47404063,.18211867,.22049339,.20924702,.19941148,.12612867,.062600777,.38624638,.61375362,.9300226,.021364076,.048613351,190130.4143071228,.01523702,.58706868,.14338116,.21936472,.017413737,.017333118,.33872139,.024830699,.41285071,.040914223,.12927282,.030232184,.023178007,.038858432,.0083037727,.086665593,.0077797486,24808,1051
2009,Aarhus,5,.46624953,.24695256,.18311147,.19595054,.18098639,.11696821,.076030813,.50202179,.49797821,.85614353,.028836221,.11502022,192810.5048544394,.012602934,.51229304,.17611641,.21593224,.063014671,.019863641,.27776629,.078451052,.33018506,.03698238,.16643547,.077742688,.03243706,.037513651,.0083822794,.073049791,.01112718,33881,1379
2009,Vestjylland,6,.47722813,.1782503,.20144686,.22230032,.19942595,.12936766,.069208913,.38265529,.61734468,.92959023,.021907859,.04850189,181949.1396442315,.015610813,.56371731,.15751399,.22909528,.018510383,.015435082,.38619921,.023020824,.40224937,.030987319,.11273175,.020472718,.02433881,.036376417,.0092259031,.088100053,.0092844795,34143,1200
2009,Midt,7,.47206128,.18626952,.20375453,.21568228,.19867168,.12757954,.068042427,.403375,.59662497,.94022566,.019924773,.039849546,183985.4819235331,.015994037,.56877095,.15109619,.22882994,.0208058,.01440141,.34072042,.025210937,.41079599,.035173327,.13344176,.031615328,.023042256,.023211684,.0083019892,.10623158,.0081325611,29511,1221
2009,Fyn,8,.46434942,.19378236,.20438394,.21309917,.19038984,.12661949,.071725205,.43254468,.56745535,.91164857,.021290908,.067060508,179021.423403841,.015032317,.53257978,.17288627,.23089521,.032389671,.016099786,.34099084,.03619162,.39246336,.035328869,.13568567,.032258064,.027081566,.032316554,.0051618754,.073787034,.010104408,68386,3048
2009,Trekantsområdet,9,.4668999,.19185306,.21179558,.20814694,.19212796,.12705235,.069024116,.41556916,.58443081,.91200799,.022066725,.065925278,186766.8033973646,.016368862,.56383854,.15564163,.2296139,.019142821,.015369236,.35364237,.027389729,.3938773,.035861552,.13292515,.029913783,.026390104,.053354993,.0046232664,.08931651,.010596027,40015,1950
2009,Sydvestjylland,10,.47753617,.19631509,.20592649,.21850751,.18711881,.12638503,.065747038,.41431171,.58568829,.93284798,.024459559,.042692468,181213.5268308104,.010952517,.55953634,.17326052,.21882683,.021457994,.015933838,.3758342,.022288214,.40709519,.03547594,.11498547,.019478239,.024842737,.060669925,.0057476768,.085225277,.0092282146,31317,1251
2009,Sønderjylland,11,.47528118,.16717528,.19100764,.22399512,.20033714,.14450549,.072979338,.3986398,.6013602,.90731537,.04539774,.04728689,173835.7387197608,.013165926,.5339902,.16229255,.25555846,.018600866,.016130438,.377336,.0220304,.40782398,.031040195,.11276775,.022146657,.026855001,.069026649,.0058708983,.082425088,.0083122617,34407,1248
2009,Hovedstaden,12,.46695533,.26255918,.20117916,.17362054,.16330899,.10855871,.090773426,.60746396,.39253604,.79531026,.048157252,.15653248,181745.1987966168,.019363204,.50601202,.17512508,.21880543,.049759641,.030579917,.30223969,.086015195,.29169571,.032267928,.14970705,.085171185,.052903257,.028157989,.011106626,.058285322,.0059447358,81753,3596
2009,Hovedstaden Syd og Vest,13,.46341217,.19881885,.20186044,.20462322,.18023978,.13099131,.083466403,.43139938,.56860059,.79993916,.027678503,.17238232,186120.2544561069,.016525993,.544572,.14977315,.24198413,.022381062,.024510177,.36529541,.041847263,.39804325,.031632576,.10062606,.02732365,.035231795,.032418322,.010214685,.07515271,.0074519049,39453,1607
2009,Hovedstaden Nord,14,.45067987,.15402934,.19205654,.20183222,.18351002,.14963125,.11894061,.43610278,.56389719,.87539369,.036721211,.087885074,232040.7518651092,.010025351,.54974264,.10889606,.28197742,.024909733,.024314359,.25510871,.049992319,.35082969,.037931167,.16297919,.10686026,.036298685,.034013212,.012234001,.069236383,.0062034265,52068,2061
2009,Nordsjælland,15,.46504781,.15028901,.20395981,.20047539,.20450003,.15769002,.083085731,.40014046,.59985954,.89314461,.030630436,.076224945,202438.4226733148,.011965858,.55175298,.13235374,.26346496,.016881853,.023553563,.29058397,.036788937,.38139483,.038085464,.15925665,.062233265,.031656854,.030954568,.0064286101,.088920102,.0055102371,37022,1724
2009,Østsjælland og ørene,16,.46786648,.16623075,.20477851,.20338772,.20637688,.14289866,.07632748,.41518247,.58481753,.92441982,.022667829,.052912358,183879.908910563,.012724706,.53132397,.16043924,.25480551,.019512599,.021069456,.34971145,.027089301,.41910574,.03068045,.11632831,.031344708,.025740026,.02459833,.0058745383,.087370783,.0095902355,48174,1607
2009,Midt og Vestsjælland,17,.47105992,.18037435,.21129693,.2077971,.19951268,.13000332,.071015619,.42172998,.57827002,.92761105,.01648023,.05590874,183612.7942553762,.011961457,.54152179,.17240004,.23304906,.019293388,.021663528,.36407134,.026536714,.40199357,.033093367,.12191826,.026226602,.026160151,.029881492,.0070218188,.093653783,.0091926018,45145,1438
2010,Vendsyssel,1,.4770017,.14011925,.17658645,.2173126,.20719762,.16018952,.098594546,.41668442,.58331561,.9556005,.019324958,.025074532,182650.7169782502,.021560904,.48008943,.16801533,.29764694,.017887564,.014640119,.38293228,.017248722,.40752769,.029014055,.11616269,.02076235,.026352216,.054088585,.007080494,.10019165,.009369676,18784,803
2010,Limfjorden,2,.47627628,.18320389,.18858859,.21356529,.20045562,.13530082,.078885779,.43009216,.56990784,.94364709,.020668944,.03568396,189770.0156975907,.017873045,.50899863,.1774257,.24827586,.030154292,.017168893,.3734079,.030175002,.38736668,.029284457,.12214974,.03228746,.025328778,.045707777,.0090504298,.098933414,.0085740909,48285,2071
2010,Kronjylland,3,.47712493,.16532107,.20202586,.21398669,.205801,.1409135,.071951859,.41302234,.58697766,.94423264,.018576661,.037190702,195745.5913305037,.016633026,.53199524,.17122674,.24646781,.018015997,.015474321,.3550871,.025379382,.41818047,.03457427,.11762727,.029416163,.019735366,.037788741,.0063541899,.084884502,.010204081,26754,930
2010,Horsens,4,.47212774,.17027493,.21629517,.21497458,.19712673,.13349874,.067829847,.39061186,.60938811,.92876863,.022489896,.048741445,205202.3796763622,.012885669,.56416821,.15558846,.23154187,.019208452,.016367201,.33466727,.024610829,.41354197,.042018488,.13149786,.031253751,.02240986,.050222099,.0084837331,.094961785,.0072031692,24989,955
2010,Aarhus,5,.46497434,.24270299,.17548205,.1979185,.17922637,.12456512,.080104962,.50501209,.49498791,.85447258,.029099593,.11642785,207767.226447566,.011970045,.49504688,.18255794,.22557344,.067014568,.01766024,.27531105,.078394949,.33056194,.03767911,.16755116,.080281854,.030219942,.045875348,.008314169,.073854588,.012235391,33918,1345
2010,Vestjylland,6,.47588971,.16893294,.19361347,.2240255,.20168436,.13638623,.075357489,.38304529,.61695468,.92879492,.022545837,.048659239,199023.5326574488,.017662369,.53694767,.16843583,.24151242,.019592362,.015732374,.38111532,.023364622,.40480158,.031991109,.11498085,.020966752,.022779776,.056291487,.0090943649,.08708366,.0097961808,34197,1103
2010,Midt,7,.47170579,.17708015,.19638322,.21788751,.19946493,.13525687,.073927328,.40302753,.59697247,.94032985,.020420603,.039249551,200651.1104848262,.015848827,.54881644,.1584544,.24017067,.021605879,.015036066,.33807445,.024619864,.4119679,.035964645,.13535847,.032442685,.021572014,.030884894,.010193369,.10833418,.0083646588,29529,1241
2010,Fyn,8,.46426746,.18497439,.19783139,.21528538,.19120587,.13315237,.077550605,.43515316,.56484681,.91027832,.022094771,.067626931,196100.6843546824,.019219823,.50850081,.17972068,.24156852,.033112969,.017775053,.33828059,.035579294,.39319643,.035812791,.13788071,.033258907,.025991272,.048304949,.0054142405,.08302322,.010186361,68523,3092
2010,Trekantsområdet,9,.46702844,.1803042,.20634289,.21308905,.1923278,.13372831,.07420776,.4167932,.58320677,.9096114,.02295188,.06743671,204442.1164985861,.019367205,.53566003,.16653804,.2403724,.021308905,.016703593,.34943119,.026685918,.39640537,.03671803,.13472405,.030942719,.025092728,.06753628,.0057753106,.087227106,.009808071,40171,1691
2010,Sydvestjylland,10,.47753131,.18782178,.19913557,.22036484,.18861629,.13271467,.071346849,.4159728,.58402723,.93151337,.025487829,.042998791,199100.4580001271,.013443082,.53505373,.18295938,.22875485,.022532256,.017193161,.3718299,.022595817,.40834552,.035562195,.11723765,.020402975,.024025932,.073412575,.0071187951,.091018878,.01042395,31466,1303
2010,Sønderjylland,11,.47422382,.15971072,.18338126,.22412942,.20170777,.15175278,.079318054,.4026604,.59733963,.9053179,.046614967,.048067149,187639.7503028477,.016293457,.50576514,.17127007,.26818854,.019430164,.018820249,.37289071,.021056606,.41111207,.032122217,.11443176,.022741135,.025645494,.084081203,.0083355112,.088960528,.0089744711,34431,1337
2010,Hovedstaden,12,.46751824,.25448862,.19866849,.17724369,.16325174,.11491367,.091433778,.60793,.39207,.79163438,.049199492,.15916614,195374.1293004974,.026002634,.48921376,.17699757,.22355127,.052472897,.031429593,.29763356,.085674554,.29012689,.033189353,.15450215,.08850494,.050368566,.036954995,.0099186571,.056435436,.0064852759,81261,3204
2010,Hovedstaden Syd og Vest,13,.46343863,.19075495,.19840029,.20682782,.17806318,.13678341,.089170367,.43409365,.56590635,.79569542,.027881511,.17642309,199666.7824893855,.022355672,.52114451,.15722144,.25100929,.022153815,.025888171,.36041582,.042162899,.39844066,.032827009,.10279572,.028739402,.034618489,.042137668,.0079228906,.073551677,.0065603554,39632,1671
2010,Hovedstaden Nord,14,.45097366,.14709812,.1888507,.20492554,.18102328,.15351279,.12458954,.43728521,.56271476,.87101948,.037285224,.091695301,258785.2655324784,.013344788,.53270334,.11542574,.28787705,.025353188,.02521955,.25290188,.050229095,.34904543,.038258877,.16531119,.10906835,.035185184,.044215348,.0096029015,.068308517,.0064719357,52380,1915
2010,Nordsjælland,15,.46540225,.14216828,.1977551,.20498808,.19829087,.16643897,.090358704,.40327895,.59672105,.89244288,.031316135,.076240994,221411.7481337726,.015430363,.53312439,.13464063,.2749337,.018189611,.02368132,.28851563,.037236463,.38096386,.038656272,.16126873,.063301988,.03005706,.040960111,.0068847276,.088510275,.0060542743,37329,1216
2010,Østsjælland og ørene,16,.4682849,.1571245,.19885163,.2073919,.2030803,.15287508,.080676585,.41749927,.5825007,.92371792,.022863895,.053418182,198979.6916897244,.015401517,.51046807,.16750965,.26576427,.021143403,.019609468,.3465445,.027444964,.42035985,.03123834,.11844451,.031694375,.024273455,.031839475,.0060320883,.088864475,.0080013266,48242,1650
2010,Midt og Vestsjælland,17,.47070017,.17035496,.20419137,.21167123,.19938922,.13857661,.075816587,.42533416,.57466584,.92652917,.017106311,.056364521,197003.7945792571,.015048243,.51856685,.17969373,.24559617,.02013809,.020846242,.36095867,.026090998,.40380189,.033393823,.12337346,.027020449,.025360715,.047756042,.0066389306,.098300435,.0084757013,45188,1728
2011,Vendsyssel,1,.47678941,.1326547,.16884294,.21808879,.20353888,.16862975,.10824495,.41816342,.58183658,.9554975,.019666364,.024836114,191755.3075582695,.014603209,.47321856,.17113468,.31018493,.017534509,.013270799,.37856421,.015882321,.41059533,.02973938,.11885093,.020892181,.02547567,.056654055,.0077279755,.10771199,.01119224,18763,863
2011,Limfjorden,2,.47609571,.17377783,.18151097,.21743998,.19768213,.1452295,.084359579,.4337604,.5662396,.94284117,.021437161,.035721689,194295.1951888682,.014678443,.49921218,.18066095,.25836548,.031347182,.015694324,.37056848,.030227641,.38854334,.029999586,.12364722,.033378944,.02363478,.05075258,.0077953311,.10695775,.0095783053,48234,2132
2011,Kronjylland,3,.47580317,.15606314,.19572888,.21608171,.20497678,.14804086,.079108633,.41782731,.58217269,.94362116,.018718664,.037660167,198021.8581529792,.014187558,.51992571,.17344475,.25845867,.018867224,.014930362,.35264623,.025032498,.41849583,.035877436,.11936862,.029786443,.018792944,.044716805,.0064995359,.088987932,.011142061,26925,1024
2011,Horsens,4,.47131345,.15999043,.20982285,.21808171,.19701564,.14167731,.073412068,.39207628,.60792369,.92754549,.022661986,.049792532,209587.0556644386,.0088174278,.55633581,.1565991,.24281839,.020587297,.014682413,.33039418,.025335142,.41310245,.043089692,.13421641,.032556657,.021305459,.043608364,.010054261,.088333867,.0076603894,25064,1031
2011,Aarhus,5,.46423835,.23746794,.16959892,.19788995,.17997229,.13084608,.084224798,.5076769,.4923231,.85182565,.0291162,.11905815,215568.3415328475,.011670056,.48044676,.18728082,.23310642,.070108742,.017210385,.27012053,.077181503,.33079892,.03836973,.17057142,.083812222,.029145669,.049244098,.0081631448,.072584212,.012377332,33933,1550
2011,Vestjylland,6,.47475252,.15939312,.18546072,.2254701,.20271221,.1447484,.082215451,.38530257,.61469746,.92800659,.023460841,.048532598,202681.0627904486,.013238826,.52472031,.17011306,.25666335,.021059105,.014029641,.37645715,.023021499,.40762112,.032071933,.11747994,.021762053,.021586316,.054624803,.010368461,.096215807,.0094604883,34142,1133
2011,Midt,7,.47251561,.16787583,.19149654,.21930151,.20091109,.14260165,.077813394,.40496036,.59503967,.93865365,.021191159,.040155221,203567.1627212367,.012384006,.53656149,.16305044,.24980597,.024835499,.01329509,.33399695,.024363084,.41275519,.036780834,.13787751,.033473931,.020752488,.022169732,.013598785,.10339126,.0068837525,29635,1316
2011,Fyn,8,.46400094,.1765915,.19041094,.21737926,.1913439,.14094958,.083324827,.43818423,.5618158,.9086867,.02288663,.068426654,196823.9121953275,.018775783,.49350575,.18323882,.25249639,.035160862,.01672036,.33345968,.035452411,.39493287,.03621044,.1406143,.034300793,.02502952,.066721089,.0063120453,.086109124,.0077697923,68599,3429
2011,Trekantsområdet,9,.46560913,.17122319,.19913249,.21645805,.19239064,.14165324,.079142399,.42007685,.57992315,.90734911,.024017846,.068633042,206243.698966255,.015491387,.52323711,.17097534,.25076216,.023546908,.015937539,.34499937,.026843475,.39776924,.037328046,.13642335,.031875078,.024761433,.079662904,.0069401413,.088858597,.0088486802,40345,2334
2011,Sydvestjylland,10,.47697961,.17864951,.19287683,.22133148,.19018346,.13983333,.077125385,.41886625,.58113372,.93057448,.026458379,.042967141,202440.3132155037,.0097594978,.52549195,.18444818,.23904432,.024462119,.016730567,.36873791,.022053931,.41126144,.035932697,.11876168,.020849837,.022402484,.089451507,.0073196236,.095788836,.009949618,31559,1588
2011,Sønderjylland,11,.47581184,.15308048,.1747584,.2248179,.20122464,.15923271,.086885862,.40659913,.59340084,.90362459,.047476713,.048898689,188827.7461616013,.012797818,.48994458,.17948867,.28079748,.019994777,.016773557,.36922139,.021271655,.41225806,.032299254,.11593488,.023245016,.025769755,.089439623,.0079804985,.093879685,.0080675585,34459,1554
2011,Hovedstaden,12,.46839312,.24763149,.19681159,.18031515,.16200766,.12077271,.092461407,.61162513,.38837487,.78783774,.050080694,.16208158,199164.8053228012,.026574185,.4851113,.1738718,.22783329,.055131886,.030824576,.29246387,.087225422,.28927299,.033682808,.1573384,.091845408,.048171099,.041456714,.00965886,.05765748,.0044105509,81169,3069
2011,Hovedstaden Syd og Vest,13,.46358931,.18381244,.19456729,.21090059,.17438939,.14247663,.093853652,.43524474,.56475526,.79045635,.028520454,.18102323,202805.2885124648,.024173284,.51050359,.15903609,.25685999,.025253795,.023947131,.35905617,.042039402,.39792943,.033244547,.10413107,.029500453,.034098905,.049577847,.0070107547,.077168562,.005905116,39796,1529
2011,Hovedstaden Nord,14,.45301935,.14168672,.18225048,.21041977,.17818265,.15786257,.1295978,.43993735,.56006265,.86742294,.038042855,.094534203,267181.6715492118,.013578549,.52511364,.11693595,.29473665,.026202207,.023356633,.24943662,.049616136,.34924182,.038233835,.16830908,.11237156,.032790955,.048775829,.008307551,.071521334,.006015813,52362,1905
2011,Nordsjælland,15,.46478724,.13484043,.18949468,.20949468,.19329788,.17513297,.097739361,.40654254,.59345746,.89151597,.031462766,.077021278,226085.7874402366,.014893617,.52159572,.13537234,.28558511,.020239362,.02231383,.28598404,.037021276,.38159573,.039547872,.16231383,.064734042,.028803192,.04425532,.0066755321,.08393617,.005718085,37600,1461
2011,Østsjælland og ørene,16,.46790838,.14749061,.19227974,.21161154,.19983804,.16239955,.086380534,.42116737,.57883263,.92292202,.023422413,.053655598,202342.5730356462,.014576714,.49807927,.17049773,.27751821,.021553604,.017712161,.34190908,.027222326,.42222637,.031728234,.12111963,.032538053,.023256296,.034469154,.0055441349,.095184699,.0093855774,48159,1695
2011,Midt og Vestsjælland,17,.47025388,.15881546,.19922152,.2143489,.19888978,.14811128,.080613054,.42942762,.57057238,.92560154,.017361112,.057037331,199700.0245609327,.014861995,.50486553,.18236907,.25636941,.022514155,.018909236,.35717446,.024924805,.40536535,.033527955,.1265039,.027622966,.024880573,.050269816,.0068117483,.098217443,.0088464264,45216,1722
2012,Vendsyssel,1,.47625408,.12623538,.15764731,.2188151,.20519258,.17639831,.11571131,.42309952,.57690048,.95416421,.020353651,.025482131,195509.2531252289,.015225172,.46108231,.17436829,.3209573,.017682569,.010630909,.37523371,.016400449,.410492,.029702442,.12083979,.02158235,.025749238,.060152788,.0075858752,.10887334,.010844597,18719,804
2012,Limfjorden,2,.47605225,.16771719,.17263114,.21957289,.1978022,.15237404,.08990255,.43964338,.56035662,.94231808,.021770682,.035911258,199160.2730312056,.015861496,.48807797,.18026125,.26937592,.03259382,.013767364,.36427534,.031100975,.3901099,.030810699,.12629069,.03394153,.023470869,.052850924,.0091851549,.10418826,.0082935933,48230,2062
2012,Kronjylland,3,.47667915,.14607491,.18916015,.21857518,.20312674,.15667024,.086392768,.42151669,.57848328,.94287407,.019486533,.037639387,204109.7536800262,.015300263,.50364912,.17663839,.27099618,.019894047,.013373838,.34831253,.02493239,.41977549,.036305711,.12121661,.030933946,.018523321,.0496425,.0084466347,.091023602,.0087059606,26993,1161
2012,Horsens,4,.47109181,.15115075,.20199889,.22123119,.1946723,.15162857,.079318307,.39786574,.60213429,.92545992,.023930876,.050609224,213822.5431252904,.012064984,.54304373,.15756153,.2521303,.021143585,.013856813,.32651111,.024647607,.41387275,.043561362,.13701521,.033328023,.021063948,.052759416,.0087202359,.090865649,.0072071357,25114,1090
2012,Aarhus,5,.46399057,.23220189,.1627804,.19967532,.17733176,.13904959,.088961042,.51109797,.488902,.84952772,.029929161,.12054309,221432.3113057292,.016499409,.46906731,.18754427,.2409386,.070395514,.015436836,.26449233,.075737901,.33217236,.038754426,.17429161,.086393155,.028158205,.048671782,.009238489,.074793391,.010242031,33880,1431
2012,Vestjylland,6,.47414529,.15039539,.17629421,.226475,.20310433,.154217,.089514069,.38812947,.61187053,.92750686,.024076197,.048416968,206387.1252401712,.014727931,.50845164,.17297234,.26980627,.022047799,.011876415,.37234324,.023194285,.40964812,.032424964,.11985184,.021812623,.020724932,.057912219,.01081812,.10071435,.008672135,34017,1450
2012,Midt,7,.47110841,.15799244,.18320508,.22397731,.19916971,.15063454,.08502093,.40951127,.59048873,.93884164,.021094911,.040063452,208002.6823114932,.014850817,.52119619,.16346024,.26410827,.02382881,.012454435,.33066693,.023727555,.4146753,.037633318,.13980019,.034561902,.018934792,.037363306,.0098217903,.11026731,.0062440936,29628,1412
2012,Fyn,8,.46415529,.16763426,.18318856,.21901146,.1919333,.14848603,.089746386,.4427081,.55729187,.90748906,.023367818,.069143131,200385.6638620109,.021563578,.47631934,.1854002,.2646558,.03612845,.015830752,.32997221,.035211779,.3957251,.036797766,.14291327,.035313632,.024066232,.087942146,.0060674846,.087331034,.0061693368,68727,3581
2012,Trekantsområdet,9,.46523878,.16266416,.19152673,.21964732,.19189771,.1493582,.084905893,.42532089,.57467908,.90448397,.024608612,.070907429,210236.1545606012,.017460985,.51015258,.17268074,.25976306,.024831202,.015061954,.34130538,.026562462,.39796701,.038409222,.13872331,.03316598,.023866644,.096703187,.006776643,.089110382,.0069745011,40433,2337
2012,Sydvestjylland,10,.47577456,.17044844,.18440457,.22367796,.18893003,.14804266,.084496342,.4217222,.57827777,.92844713,.027342638,.044210259,206578.2595377449,.013006741,.51238966,.18389823,.25102061,.024810912,.014810596,.36494827,.021677902,.41241813,.036298618,.12117472,.021234849,.02224754,.09376879,.0062976675,.088895217,.0077534099,31599,1720
2012,Sønderjylland,11,.47613522,.14661251,.16637169,.2225156,.20153779,.16936022,.093602203,.41064849,.58935153,.9025678,.047961701,.049470477,191777.1518956114,.017002756,.47352386,.18218483,.29235455,.020513564,.014333381,.36454374,.022109386,.41375309,.032873929,.11774264,.023792254,.02518497,.096503697,.0084433481,.091164947,.007834035,34465,1703
2012,Hovedstaden,12,.46830955,.24240628,.19147675,.18380582,.1609042,.12705824,.094348714,.61465013,.3853499,.78568339,.050484836,.16383176,204283.2067100856,.029571984,.47809276,.17111976,.23301834,.059082206,.028769068,.28733248,.086863071,.28804892,.034475945,.16164535,.096498057,.045136187,.043431535,.0096843923,.06021864,.0039775185,80955,3144
2012,Hovedstaden Syd og Vest,13,.46513319,.17645143,.19000727,.21331029,.17279311,.14761081,.099827103,.43914905,.56085092,.78473526,.02961738,.18564735,207080.8739825634,.027337192,.50033826,.15856072,.26512817,.026134456,.022300733,.35573429,.042095769,.39873213,.033726729,.10616653,.030845173,.032699391,.053421535,.0085193813,.082237087,.0059886239,39909,1542
2012,Hovedstaden Nord,14,.452916,.13706718,.17335473,.21590996,.17461592,.16360927,.13544294,.44343805,.55656195,.8644042,.038637929,.096957885,275229.6051217823,.015630972,.51601315,.1181304,.3018803,.027096232,.021096079,.24604449,.048937552,.34946114,.039459605,.16972406,.11524498,.031128181,.047332417,.0079874648,.077352293,.0058090654,52332,1904
2012,Nordsjælland,15,.46480593,.12875752,.17935316,.21538298,.18794937,.18341249,.10514446,.41391844,.58608156,.89074314,.031386804,.077870049,232764.568730689,.015680136,.50956464,.13539042,.29731235,.021676263,.020376217,.28354248,.037303336,.38184181,.039372794,.16478735,.065877795,.027274415,.053036533,.0091268476,.088403068,.0056512165,37691,1453
2012,Østsjælland og ørene,16,.46836236,.13976859,.1821745,.21672052,.19608048,.17200042,.093255498,.42608151,.57391846,.92223495,.023934118,.053830918,208037.2926139013,.017429376,.48333159,.17066611,.29016992,.021640779,.016678829,.33737099,.027144793,.42424685,.032231838,.12411133,.033232566,.021661628,.035755239,.0068383198,.095715627,.007672261,47965,1774
2012,Midt og Vestsjælland,17,.46988323,.1499989,.19034587,.21826649,.19546649,.15893792,.086984351,.43470103,.56529897,.92495638,.017657315,.057386275,204380.9576556311,.016664091,.49138102,.18537974,.26821461,.022027502,.016266802,.3550224,.025470678,.40658176,.033879973,.12801553,.02792063,.023109011,.054009315,.0070408545,.098042242,.0081665087,45307,1828
2013,Vendsyssel,1,.47675294,.11951036,.15086438,.22001503,.20256631,.18334585,.12369806,.42612478,.57387525,.95366693,.020455278,.025877805,200426.7819385913,.011006121,.45227101,.17636637,.33222377,.017556105,.010522925,.37125525,.016321272,.41248792,.030011812,.1230538,.022173306,.024696661,.056372814,.0075163748,.11059809,.0076774401,18626,844
2013,Limfjorden,2,.47636554,.16155763,.16544133,.21997923,.19638629,.16058151,.096053995,.44504672,.55495328,.94143301,.022014538,.03655244,204991.9079455124,.013665629,.47838005,.18110073,.28062305,.032419521,.01376947,.35904464,.031671859,.39208722,.031713396,.12807892,.035202492,.022201454,.053167187,.0085773626,.1129595,.0061266874,48150,2070
2013,Kronjylland,3,.47555193,.13872425,.18543488,.21673581,.20028894,.16624685,.092569269,.42687806,.57312196,.94188029,.020040005,.038079716,211403.8519494144,.0099644391,.49148023,.17917469,.28281969,.021410579,.015002223,.34412506,.025337087,.4209142,.036486886,.12364795,.031782486,.017706327,.047636688,.011335013,.096125349,.0056304638,26996,1271
2013,Horsens,4,.4699308,.14195371,.19632487,.22154164,.19604646,.15802243,.08611089,.40044546,.59955454,.92446899,.024381513,.051149473,218461.0826881233,.012528836,.52545542,.16311352,.26485562,.020960942,.012847029,.32057911,.023784902,.41695172,.043791264,.1402832,.035040967,.019568849,.053695012,.010778776,.094861187,.0076366239,25142,1176
2013,Aarhus,5,.4647783,.22689871,.15666252,.19955011,.17687799,.14511928,.094891377,.51367432,.48632571,.84751081,.030278813,.12221038,228336.6673739586,.015183804,.45572132,.19138105,.24883087,.0731664,.015598177,.25901261,.07636299,.33333334,.039750192,.17563488,.089030959,.026875038,.054075651,.010300124,.080536313,.0058012195,33786,1491
2013,Vestjylland,6,.47365633,.14163773,.16977689,.22540766,.20486253,.16259493,.095720254,.39135811,.60864192,.92635542,.024548184,.049096368,212419.9127696262,.012156355,.49511391,.17648791,.28145051,.022340612,.012332961,.36887032,.022870431,.41184434,.032936953,.12129864,.022399481,.019779831,.06192971,.0095661385,.10655207,.0046211807,33974,1563
2013,Midt,7,.47133327,.14917539,.17680924,.22320431,.19980358,.15811574,.09289173,.41345796,.58654207,.93870431,.021436553,.03985912,213806.5178124644,.011988215,.50848317,.16505808,.27735448,.024179621,.01283484,.32476547,.02370551,.41748789,.03782722,.14247012,.034745503,.018998273,.041755561,.0096515287,.10704731,.0073148431,29529,1395
2013,Fyn,8,.46373358,.16173138,.17534581,.22006857,.19206962,.15426305,.096521564,.44788155,.55211842,.90600663,.023887016,.070106357,203920.7485093417,.018656284,.46486691,.1868389,.27526736,.037428804,.016898176,.32604906,.036484364,.39548704,.037152737,.14535627,.036164708,.023305824,.093339533,.0060008136,.080814831,.0044751829,68824,4024
2013,Trekantsområdet,9,.46574664,.15444922,.18437454,.22315378,.1893456,.15704605,.091630809,.42882228,.57117772,.90280455,.0251521,.072043329,213593.0092923067,.016174506,.49938172,.17378938,.26930305,.025275758,.016026117,.33711728,.026512342,.39907008,.038803976,.14082208,.034253351,.023420883,.096478209,.0080625219,.081292972,.0045506256,40434,2196
2013,Sydvestjylland,10,.47650474,.1618809,.17790399,.22527525,.18961196,.15464669,.090681218,.42519909,.57480091,.92740428,.027953168,.044642575,212961.4824983805,.012469461,.49804866,.18523337,.26182696,.025636958,.016752863,.36059904,.021956405,.41406226,.037091095,.12345718,.021512199,.021321826,.099152841,.0073928358,.089824542,.0057429322,31517,1742
2013,Sønderjylland,11,.47582519,.13984774,.15716527,.22315203,.20353906,.17332055,.10297536,.41506857,.58493143,.9006567,.048436772,.050906554,194491.0752041369,.016416783,.45844957,.18622153,.30349258,.02100767,.014353789,.35971642,.021472571,.41742212,.033240352,.12006044,.024261972,.023826128,.10375988,.0092689451,.095013946,.0049686194,34416,1868
2013,Hovedstaden,12,.46870849,.2380491,.18642026,.18735173,.15925829,.13295329,.095967308,.6169008,.38309923,.7827788,.051479813,.1657414,209086.6568905846,.02931058,.47342798,.17013799,.23799942,.059751358,.029024927,.28095931,.087770283,.28713191,.035383832,.16494653,.10058745,.043220688,.0483252,.0085820388,.062620319,.0028192804,80517,3604
2013,Hovedstaden Syd og Vest,13,.46606845,.1702452,.1868173,.21461244,.17102008,.15317319,.10413178,.4440223,.5559777,.77953857,.030844603,.18961681,211110.5562913014,.027920114,.49076411,.15982203,.27172744,.027070263,.022496063,.35228834,.042842504,.39780539,.03474392,.10853101,.032344341,.031444497,.059639562,.0095483288,.085710004,.0042992476,40007,1672
2013,Hovedstaden Nord,14,.45272967,.13338043,.16679715,.21749508,.17298402,.16689263,.14245069,.44999903,.55000097,.86192214,.038725201,.099352673,282132.2777597397,.016192786,.50892705,.11865798,.3077966,.027420802,.020890221,.24304456,.049323075,.34854591,.040310107,.17130363,.11793236,.029540377,.059729993,.0095285382,.079417214,.0037808628,52369,2266
2013,Nordsjælland,15,.46395969,.12313335,.17154768,.2178513,.18402722,.18951507,.11392539,.4215081,.57849193,.88918793,.03221466,.078597434,238990.3217437883,.015698381,.49691311,.13614057,.30797848,.022531793,.02065854,.27956307,.038414858,.38238087,.039338294,.16600707,.06646087,.027834943,.058334652,.0087066647,.088148385,.0040894938,37902,1488
2013,Østsjælland og ørene,16,.46755305,.13380986,.17340474,.21989746,.19153503,.18117784,.10017505,.43314716,.56685281,.92120618,.02446547,.054328345,212363.5704107467,.015462844,.46986622,.17236277,.30119202,.023402659,.017630141,.33357647,.028195724,.42491561,.032947108,.12514067,.033718169,.021506272,.048618346,.0074605094,.097632647,.0057933563,47986,1956
2013,Midt og Vestsjælland,17,.47027934,.14284453,.18169984,.22141565,.19425444,.16645338,.093332157,.4404704,.5595296,.924209,.018004501,.057786506,209748.0692377713,.013878469,.48195136,.18615684,.27785623,.022770399,.017364636,.35071269,.02557257,.40856537,.03406734,.13040024,.028043775,.022638012,.066987336,.007854905,.10019416,.0062221438,45322,2136
2014,Vendsyssel,1,.47780833,.1130885,.14668608,.21593054,.2036348,.1903144,.13034569,.43169931,.56830072,.95151812,.021463625,.027018283,204161.3666396876,.0091139516,.43606752,.18087688,.34395728,.016825756,.013050747,.36515126,.016879685,.41627568,.03003829,.1247371,.022164699,.024753276,.059105862,.0090060942,.11875101,.002372863,18543,1003
2014,Limfjorden,2,.47499999,.15634887,.15799333,.21736053,.19918817,.16654871,.10256036,.45239383,.54760617,.94044548,.022335554,.037218984,207032.1231207972,.012947544,.46427977,.18226478,.29004997,.034637801,.015736885,.35485011,.031931724,.39294338,.032639466,.12985012,.036386345,.021398835,.058118235,.011240633,.11128227,.0027685263,48040,2401
2014,Kronjylland,3,.47490376,.13181078,.17952324,.2166494,.19884513,.17315665,.10001481,.43403909,.56596088,.94081283,.020321291,.038865857,206163.4103344546,.008772579,.48041901,.17870891,.29367781,.023245484,.014954101,.33816996,.024429968,.4244892,.037681375,.1257403,.03205508,.017434113,.066738226,.0092907902,.092167601,.002146876,27016,1455
2014,Horsens,4,.47094157,.13341819,.18847209,.22463106,.19479693,.16508214,.093599588,.40598273,.59401727,.92243129,.025100442,.052468278,223874.3860576028,.0085922275,.51231152,.16794622,.27570707,.02211703,.013127014,.31636104,.02446398,.41739926,.044353396,.14216954,.035522494,.0197303,.062930107,.0096662557,.089104578,.0034209793,25139,1306
2014,Aarhus,5,.46440718,.22367136,.15130275,.19587141,.17907314,.15017892,.099902406,.52095348,.47904652,.84497088,.030520806,.12450833,231598.9062482969,.013278916,.44462189,.19247036,.25827345,.075178184,.015940614,.2527726,.077277973,.33321503,.039925471,.17901398,.091591991,.026202939,.059533317,.009700411,.080679029,.0044361637,33813,1582
2014,Vestjylland,6,.47332272,.13385804,.16454427,.22497347,.20604882,.16855323,.10202216,.39579648,.60420352,.92509729,.024702275,.050200447,215461.3366491139,.007929489,.48260817,.1817887,.29221201,.022403019,.012970169,.36337107,.02325787,.41395473,.033722438,.12351138,.02275675,.019425776,.078027353,.010582479,.10137366,.0033014975,33924,1706
2014,Midt,7,.47063598,.14281367,.17219462,.22219968,.19883694,.16583832,.098116778,.42140853,.57859147,.93762046,.022213206,.040166344,218213.3713051615,.0083848936,.49765021,.16810359,.2871488,.025628021,.012881631,.31950501,.023971329,.41948137,.038915373,.14335464,.035568178,.019204112,.045846436,.0099401558,.10254589,.0045305472,29577,1447
2014,Fyn,8,.46298319,.15546335,.16941108,.21921816,.19269127,.16022421,.10299192,.4535197,.5464803,.90418577,.024503166,.071311057,207819.1265932978,.01380214,.45596564,.18849821,.28486568,.040037856,.016713984,.32140934,.036514524,.39611268,.037708379,.14816917,.037591904,.022493994,.085608214,.0064642937,.082215913,.0024750673,68685,3769
2014,Trekantsområdet,9,.46652347,.14802745,.17908458,.22268306,.18851528,.1639757,.097713917,.43556511,.56443489,.90018761,.02545302,.074359357,218752.3755840761,.013405422,.49039647,.17560361,.27820569,.026243025,.016047005,.3328149,.02727991,.40011355,.039278131,.14267023,.035525601,.022317681,.09460327,.0082950676,.084678814,.0028637734,40506,2057
2014,Sydvestjylland,10,.47458273,.15479256,.17335877,.22330312,.19217931,.15828963,.098076619,.42962962,.57037038,.92570341,.028898425,.045398187,214718.1723440441,.0098553486,.48831666,.18505801,.27114925,.028580511,.016913051,.35409313,.022412971,.4155778,.037704658,.12618026,.022126848,.021904308,.09639167,.0073756161,.091940865,.0022571927,31455,1597
2014,Sønderjylland,11,.47586086,.13169193,.15312947,.22074243,.20456205,.17886037,.11101376,.41879144,.58120859,.8983615,.048950028,.052688453,195945.7131774176,.011040042,.45208681,.18484768,.31399867,.020824207,.017144192,.3544496,.02161278,.42028096,.033996321,.12141126,.024942318,.023306755,.10318643,.010076229,.09731593,.0022196909,34239,1858
2014,Hovedstaden,12,.46858689,.23215291,.18387222,.1888167,.15966302,.13758184,.097913302,.62000078,.37999925,.77885014,.053049933,.16809994,215656.6287933168,.022769662,.47289297,.17020291,.24271783,.060911037,.030105023,.27478814,.0871481,.28626686,.035324898,.1684254,.10621253,.04183409,.051910825,.0082616694,.06580545,.0023282887,79887,3643
2014,Hovedstaden Syd og Vest,13,.46637669,.16301686,.18426579,.21628919,.17111644,.15589221,.10941953,.4498775,.5501225,.7744363,.031873405,.19369031,215041.5807026044,.023498826,.48695067,.16104195,.27576122,.027748613,.024723765,.34658268,.044572771,.39753011,.035348233,.11096945,.033548322,.031448428,.067296632,.0088245589,.092895359,.0020498976,40002,2119
2014,Hovedstaden Nord,14,.45223123,.13027324,.16340841,.21559773,.17295453,.16977249,.14799359,.45661369,.54338628,.85793227,.039575472,.10249228,288563.082402195,.01303304,.50402045,.11967913,.3133646,.028066766,.021683624,.23970123,.050322015,.34790975,.040718723,.17289737,.11992683,.028524065,.061335314,.011032354,.084238403,.0021912274,52482,2728
2014,Nordsjælland,15,.46433166,.11967338,.16249639,.21876231,.18363221,.19234909,.12308662,.42956915,.57043087,.8880983,.032530785,.079370916,243180.1062195682,.01318035,.48777798,.13739596,.31835011,.021976002,.021293355,.27676108,.038543336,.38317537,.040144932,.1674062,.06787093,.026098143,.057421166,.010239715,.098012447,.0030456586,38087,2285
2014,Østsjælland og ørene,16,.46847919,.12812963,.16661446,.22130343,.19096243,.18582556,.10716449,.44112426,.55887574,.9199816,.024473261,.055545114,219057.1344052419,.012946606,.46434462,.17216897,.30890185,.024389734,.017060285,.32978347,.02819019,.42535865,.033515003,.12746142,.034809664,.020881621,.049385037,.0072250413,.097016014,.0026937292,47889,2054
2014,Midt og Vestsjælland,17,.46956906,.13662516,.1733495,.22266065,.19504023,.17189464,.10042985,.44880414,.55119586,.92264962,.018141739,.059208643,213143.0389686186,.011374407,.47012013,.18745729,.28784305,.023983248,.019133693,.34608179,.025856938,.41095558,.035159264,.13173151,.028105367,.022109555,.064212501,.0077372422,.098842718,.0029097323,45365,1979
2015,Vendsyssel,1,.47779521,.10807595,.14166711,.21626008,.20425163,.19089089,.13885432,.43874073,.56125927,.94953209,.022177747,.028290151,209061.1018232349,.0096824793,.4267323,.18418348,.34997565,.016714448,.012603451,.3612268,.017579921,.41683346,.030453833,.12646724,.023043219,.024395522,.061827231,.0089792823,.11445881,.0037323525,18487,908
2015,Limfjorden,2,.47483659,.14911582,.152971,.21651861,.200176,.17207928,.10913929,.45704827,.5429517,.93938571,.022083472,.038530841,211729.5230645702,.01280171,.45587495,.18515337,.29892308,.032077607,.015064532,.34885183,.031930942,.39507207,.033229969,.13214466,.037441336,.021329198,.056570567,.010182702,.1103126,.0026609118,47728,2348
2015,Kronjylland,3,.4737018,.12597108,.17124484,.21811694,.19986619,.17882764,.10597331,.43850127,.5614987,.9384827,.020927034,.040590268,214853.2777270916,.0089209378,.46935287,.18600155,.30123034,.02129874,.012972531,.33278817,.025015797,.42608631,.038248524,.1273464,.032747276,.017767536,.075121731,.010444932,.10010036,.0041631046,26903,1510
2015,Horsens,4,.47077498,.13003452,.18034999,.22582437,.19459546,.16868378,.10051189,.41351533,.58648467,.91920954,.025713265,.05507718,228300.0072373353,.007856831,.50168645,.17308837,.28264752,.021348359,.013293123,.31201142,.025276775,.41653109,.044522043,.1442403,.036903296,.020515058,.075909689,.0096821552,.087655254,.003452244,25201,1358
2015,Aarhus,5,.46466294,.21869808,.14737123,.19362687,.18045336,.15369096,.10615951,.52453715,.47546285,.84274864,.030589841,.12666152,238680.0983232372,.012283408,.44015548,.19481367,.26424164,.072038926,.016288867,.24819012,.075718015,.33215642,.041033704,.18353905,.094528839,.024833847,.051685259,.010592215,.079426773,.003857109,33704,1617
2015,Vestjylland,6,.47369823,.12837279,.1581361,.2231065,.20742604,.17375739,.10920119,.40230769,.59769231,.92440826,.024556212,.051035505,220512.3460555121,.0076331361,.47248521,.18612427,.29985207,.020621302,.013165681,.35763314,.023639053,.4160355,.034260355,.12565088,.023372781,.019408284,.086538464,.012218934,.10366864,.0042603551,33800,1743
2015,Midt,7,.47118506,.13639745,.16680194,.21989989,.20123106,.17116477,.10450487,.42752299,.57247698,.93499732,.022761093,.042241614,222542.5890761626,.0092667751,.48826435,.17376894,.29285038,.022896374,.01271645,.31463069,.024925595,.41950756,.040043291,.1444467,.036492154,.019954005,.044778138,.010349026,.10646645,.0060200216,29568,1563
2015,Fyn,8,.46327156,.15053262,.16271706,.21806508,.19457172,.16595651,.10815701,.45965269,.54034728,.901824,.024792062,.07338392,213181.4248410921,.014723479,.44932148,.19020867,.29177004,.038114693,.015759522,.31570116,.037239164,.39668757,.038275208,.1511163,.038318984,.022661608,.083977818,.006362177,.088443018,.0030789436,68530,3680
2015,Trekantsområdet,9,.46632317,.14193088,.1741778,.22193186,.19035058,.16749667,.10411222,.44245845,.55754155,.89746559,.026182141,.076352254,224581.4443358917,.010773631,.48399979,.17772792,.28608057,.025664415,.015704354,.32693163,.027784627,.40069523,.040037472,.14511119,.036364086,.023075785,.09331394,.0079138111,.089985698,.0026625907,40562,2040
2015,Sydvestjylland,10,.4761616,.14615777,.16833673,.22131096,.19552591,.16370948,.10495915,.43304825,.56695175,.92258108,.029646413,.04777253,217507.3768641965,.0082971659,.48254403,.18860097,.28025275,.023583099,.016658157,.34784272,.022689559,.41824099,.037784018,.12911667,.022976767,.021349248,.096821547,.0077865715,.092162371,.0037337248,31336,1671
2015,Sønderjylland,11,.47508782,.12625878,.14689696,.21861827,.2054157,.18430914,.11850117,.42529273,.57470727,.89581382,.049033958,.055152226,202364.142114598,.0097482437,.44121781,.19127634,.32233608,.019613583,.015749415,.34997073,.022014052,.42134076,.034631148,.12330211,.025117096,.023624122,.10702576,.0085772835,.10641101,.0033665106,34160,1818
2015,Hovedstaden,12,.46757963,.22679125,.18019722,.19004565,.1610426,.14060175,.10132153,.62386823,.37613174,.77477241,.054361805,.1708658,220969.6484041336,.019217674,.47402334,.170601,.24709339,.058939245,.029898364,.26829085,.086946107,.28366247,.035762023,.17332476,.11182568,.040188141,.053617816,.0078182137,.066807896,.002219364,79302,4251
2015,Hovedstaden Syd og Vest,13,.46701384,.15868406,.18166795,.21599358,.172204,.15750733,.11394306,.456949,.543051,.76733184,.032548007,.20012018,220203.9360632473,.021306427,.48308754,.16474299,.28011316,.026839588,.023659898,.34045216,.046593726,.39841264,.036503844,.11168974,.035277035,.03107083,.065246239,.0098645501,.09351293,.0026288775,39941,2364
2015,Hovedstaden Nord,14,.4532856,.12535651,.16132304,.21382768,.1747794,.17087457,.1538388,.46132496,.53867501,.85494709,.039584249,.10546868,308059.0285237762,.011791053,.50173229,.11903987,.31816703,.028080316,.021112876,.23499799,.050935052,.34810406,.041326109,.17433915,.1229447,.027352946,.060945965,.010508585,.086805888,.0021821104,52243,2881
2015,Nordsjælland,15,.46454677,.11868212,.15444863,.21916771,.18209587,.19431391,.13129178,.43888366,.56111634,.88617378,.032999165,.080827065,251817.8119872302,.010886592,.48222119,.13737468,.32537073,.022713033,.021381579,.27357456,.039055973,.38129178,.041196741,.16904239,.069653302,.026185255,.059210528,.0098684207,.10309628,.0033677944,38304,2358
2015,Østsjælland og ørene,16,.4687337,.12310515,.16261807,.21935403,.19141349,.1888071,.11470214,.4484247,.5515753,.91753376,.025063075,.057403199,224015.745355189,.01240643,.45895451,.17262661,.3163327,.022185616,.017306449,.32502761,.028399257,.42621824,.034154173,.12950645,.035718009,.020976251,.041243561,.0082779042,.094747595,.0034821411,47959,2000
2015,Midt og Vestsjælland,17,.46959466,.1305065,.16694891,.22351493,.19562779,.17638391,.10701797,.45664078,.54335922,.92073721,.018672062,.060590733,217797.8693170199,.011744265,.46169919,.19144912,.29521212,.022036992,.017770348,.34108955,.026611537,.41228089,.035870593,.13360751,.028414965,.022124965,.064351536,.0092150699,.098022826,.0032769579,45469,2101
2016,Vendsyssel,1,.47676504,.10408174,.13756183,.21039186,.2089244,.19299962,.14604054,.44502419,.55497581,.94787759,.022066416,.030055981,208413.418075207,.0073917061,.41567478,.18914071,.35675851,.017500952,.013478993,.35735637,.018044459,.41768575,.031197349,.12853959,.023805643,.023370836,.07027556,.0075004078,.11006033,.0045654657,18399,982
2016,Limfjorden,2,.47542191,.14456463,.14721602,.21404824,.20239048,.17665502,.11512563,.46102858,.53897142,.93720806,.022410672,.040381297,215388.4238280539,.0099532846,.45082277,.1873869,.30632129,.030385926,.015066706,.34203106,.032553345,.39697403,.033689659,.13511637,.038466394,.021169143,.057447076,.010500399,.10513026,.0028197467,47522,2278
2016,Kronjylland,3,.47412094,.12093023,.16498604,.21707907,.20093024,.18273488,.11333954,.44279069,.55720931,.93499535,.021097675,.043906976,220573.462809024,.0077767442,.46057674,.18913488,.30939534,.019274419,.013693023,.32550699,.025376745,.42772093,.038697675,.13056745,.033599999,.018530233,.065376744,.01067907,.099200003,.0052837208,26875,1487
2016,Horsens,4,.47153795,.12459835,.1745805,.22539569,.19596176,.1720814,.10738228,.41929469,.58070529,.9168551,.025982784,.057162125,232581.4527137352,.0067039551,.49244317,.17823,.28886509,.020032529,.013606252,.30802491,.025308421,.41635925,.045975644,.14629696,.037922964,.020111864,.086596057,.010036098,.084890313,.0035701536,25209,1350
2016,Aarhus,5,.46316323,.21385038,.14256692,.18911329,.1834369,.15804255,.11298996,.52730638,.47269359,.83935827,.030921368,.12972036,242735.0290476784,.011561902,.43331739,.1967316,.27276531,.068714149,.016730402,.24253108,.076332457,.32872251,.040929731,.18758963,.098828875,.025065726,.039107315,.0099187382,.086191446,.0034655831,33472,1646
2016,Vestjylland,6,.47360155,.1255333,.15187249,.21850558,.20932093,.17847832,.11628941,.40782768,.59217232,.92121947,.025183693,.053596824,221762.8965716184,.0063403649,.46098009,.19347002,.30661887,.019435884,.013065892,.35177174,.025272576,.41650864,.034753498,.12757762,.02411709,.019998815,.088172555,.01531761,.10642333,.0048885993,33752,1777
2016,Midt,7,.4711203,.12795149,.16284427,.21762255,.20359768,.17473492,.11324909,.43145093,.5685491,.93167114,.023273146,.045055728,225873.9281613837,.0074867033,.47759071,.17863071,.30194113,.021105051,.013076324,.30895355,.025305735,.42047495,.04041465,.14759985,.037467394,.019783868,.053829737,.010738846,.10308615,.0052847317,29519,1584
2016,Fyn,8,.46260506,.14467481,.15739846,.21587747,.19820492,.16955109,.11429325,.46444991,.53555012,.89945531,.024729861,.075814813,214944.3857540182,.013514305,.44294122,.19303639,.29891065,.035608657,.015900904,.31074116,.03717532,.3978008,.038668774,.15419193,.039239801,.022182202,.078874931,.0071012327,.084907316,.0038214882,68298,3005
2016,Trekantsområdet,9,.46622819,.137181,.16861267,.22021875,.19189082,.17078038,.11131638,.44541335,.55458665,.89378262,.027367229,.078850135,227835.6701616685,.0094097937,.47763327,.17937727,.29256576,.024608336,.016356291,.32074589,.028574243,.40016258,.041260224,.14737906,.038255002,.023623018,.095600553,.0083752098,.0878658,.0032269189,40596,1903
2016,Sydvestjylland,10,.47608542,.14054607,.16343756,.21881194,.19835028,.16679455,.11205959,.43982992,.56017011,.92010361,.030085044,.049811371,220195.8003436365,.0070976405,.47368759,.19150841,.28956455,.023243174,.014834709,.34148604,.023754716,.4204233,.038557451,.13069889,.023371059,.02170855,.10118934,.0077050962,.095946029,.0038365624,31278,1550
2016,Sønderjylland,11,.47528538,.11904202,.14205013,.21581146,.21025068,.186507,.12633871,.42838648,.57161349,.89196187,.049546897,.058491234,205102.1936033126,.0089737559,.42988703,.19533364,.33070496,.018300576,.016770625,.34571025,.022154879,.42232552,.034718137,.12504414,.026126869,.023920206,.10789102,.0096504651,.10032953,.0037071907,33988,1677
2016,Hovedstaden,12,.46789271,.22109453,.17492719,.18988389,.16493063,.14423798,.10492579,.62505245,.37494755,.77152884,.055604309,.17286682,225381.4016752814,.017182393,.476096,.16780496,.25205082,.05573149,.030956287,.26143691,.086255357,.28204051,.035662051,.17916237,.11780941,.037633382,.053900059,.0070204893,.067381434,.0022129803,78627,3976
2016,Hovedstaden Syd og Vest,13,.46731442,.15249075,.1780653,.2153699,.17650464,.15843129,.11913811,.46003976,.53996021,.76016313,.033453319,.20638357,223068.3014827654,.019105393,.48168752,.16321394,.28416443,.024542503,.02703451,.33624488,.046945401,.39809197,.03740529,.11425479,.037732523,.029325144,.069625191,.010043547,.093563572,.0036499107,39727,2183
2016,Hovedstaden Nord,14,.45471185,.12209784,.15735728,.21136394,.17853221,.17088303,.15976571,.46409512,.53590488,.85137087,.039729483,.10889964,305617.2846469078,.010231017,.49679196,.12047938,.32261419,.026338607,.023487024,.22961022,.052330397,.34758481,.042311322,.1762201,.12545037,.026492747,.053043295,.0095373886,.082117878,.003795688,51901,2445
2016,Nordsjælland,15,.46512049,.11780424,.14927232,.21456923,.18369782,.19436014,.14029627,.44532648,.55467349,.88258487,.033387814,.08402729,254768.970080317,.0089760553,.47700211,.13892132,.3314136,.021506213,.02212883,.26972267,.04018471,.38015929,.041870963,.17103796,.071082056,.025942355,.054556776,.010558539,.10107142,.0035281605,38547,2235
2016,Østsjælland og ørene,16,.46920896,.11993074,.1568967,.21837451,.19046228,.19275701,.12157878,.45383427,.5461657,.91471964,.025700934,.059579439,226924.0658866748,.009408378,.45458528,.17479557,.32293057,.019943258,.018149199,.31902954,.029372497,.42786214,.034984145,.13157126,.036632176,.020548232,.036840789,.0092206271,.10301235,.0035881174,47936,2177
2016,Midt og Vestsjælland,17,.47003022,.12772204,.16003592,.22017263,.19911931,.17951189,.1134382,.46245015,.53754985,.91714501,.019344522,.063510492,220633.3741364817,.010406169,.45557114,.19204311,.30142838,.02118477,.019322613,.33709416,.027494194,.41357404,.035600051,.13431627,.029027736,.022893572,.067125268,.010953862,.10101652,.0043158219,45646,2166
2017,Vendsyssel,1,.47631305,.099567339,.13073005,.20406374,.21775563,.19458897,.15329427,.45040801,.54959196,.94649214,.022454679,.03105318,215576.580134585,.0083794296,.40949669,.18982419,.36190373,.015170601,.015061066,.35084069,.018620955,.42160031,.031929459,.13138726,.023714332,.021907005,.073662303,.01035106,.11139712,.0050933785,18259,1057
2017,Limfjorden,2,.47499946,.13929926,.14120689,.21024184,.20439178,.18239047,.12246975,.46427435,.53572565,.93664557,.022192078,.041162383,220628.9318581091,.008605524,.44500732,.18650247,.31522501,.030055745,.014434388,.33618772,.032874797,.39835519,.034718838,.13823947,.040272154,.019351831,.061107695,.011021852,.11151148,.0037516691,47179,2621
2017,Kronjylland,3,.47273678,.11510308,.15808934,.21668659,.20286824,.18606214,.12119061,.44539887,.55460113,.93341053,.021549148,.045040336,225361.7489513086,.0087018227,.45200926,.18942337,.3168509,.018673439,.014154467,.32006276,.026292201,.4298999,.039326262,.13295488,.034583207,.016880788,.072340906,.012809979,.10061249,.0057887658,26776,1566
2017,Horsens,4,.47126299,.12082241,.16595221,.22572835,.19750734,.17547829,.11451139,.42541876,.57458127,.91446376,.025879178,.05965706,239373.9635006198,.0066682543,.482218,.17980471,.29776931,.018139239,.015122648,.30447724,.025998253,.41601175,.047431927,.1486862,.03869969,.018694928,.10847821,.011867905,.094903551,.0053584184,25194,1518
2017,Aarhus,5,.46300471,.20745017,.13805959,.18754698,.18751691,.16081898,.11860738,.52833647,.4716635,.83620459,.031718832,.13207661,252179.3638064922,.011154205,.4316166,.19674695,.27924597,.064700402,.016114969,.23739515,.076576173,.3272301,.040888727,.19121493,.1026728,.024022128,.066925228,.011514988,.084453262,.0029463936,33261,1791
2017,Vestjylland,6,.47360119,.12232143,.14375,.21532738,.21324405,.18133928,.12401786,.41160715,.58839285,.91845238,.026041666,.055505954,230548.818707863,.0067261904,.45205358,.1952381,.31366071,.01827381,.013839286,.3463988,.025505953,.41803572,.035595238,.1302381,.025297619,.018928571,.08625,.016160714,.10354166,.0047321427,33600,1921
2017,Midt,7,.47098744,.12456736,.15548015,.21652529,.20291822,.17987785,.12063115,.43654564,.56345439,.929793,.023583304,.046623684,232868.9644044795,.0070240921,.47007126,.17947064,.30963692,.020122157,.013437394,.30583644,.025619274,.42046148,.041465897,.14957584,.038445879,.018595181,.086494744,.011163896,.10777061,.006718697,29470,1588
2017,Fyn,8,.46216512,.14092875,.14869276,.21434873,.20187925,.17311707,.12103344,.46795872,.53204131,.89784724,.02463018,.077522568,219755.0448739825,.013645855,.43791723,.19260065,.30466428,.034805752,.016175043,.30692881,.037849601,.39817074,.038923036,.1568244,.040422905,.020880511,.086639412,.0076316795,.085815959,.0047348766,68006,3406
2017,Trekantsområdet,9,.46457857,.13257492,.1618527,.21947256,.19615375,.17101277,.11893329,.45069069,.54930931,.89099014,.027898844,.081111029,234707.3449361076,.0093324473,.47329542,.17758736,.29849055,.023737412,.017285958,.31567803,.029573269,.40124598,.041712835,.15023023,.03952131,.022038365,.10681835,.0094063189,.089286156,.0046292874,40611,2106
2017,Sydvestjylland,10,.47597975,.1343724,.15710987,.21650311,.20277724,.16980951,.11942787,.44448721,.55551279,.91761273,.030594574,.0517927,227333.4882523831,.0070874221,.46674365,.19270733,.2970624,.021166058,.015136938,.33775896,.02385992,.4204028,.039477903,.13305753,.024597524,.020845359,.10448336,.008594702,.095247261,.004169072,31182,1726
2017,Sønderjylland,11,.47584718,.11557893,.13611251,.21180607,.21384466,.18778622,.13487163,.43220964,.56779033,.88926643,.050137382,.060596213,213519.5257713044,.009542943,.42488256,.19384289,.33645523,.017845009,.017195025,.34413686,.022542618,.42287353,.035365026,.12656957,.026649334,.02186309,.11696753,.011256536,.10113157,.0053475937,33847,1912
2017,Hovedstaden,12,.46723354,.2161867,.16881599,.19149947,.16891874,.14653069,.1080484,.62646747,.3735325,.76941454,.056297686,.17428777,233313.3329048549,.016710766,.47902483,.16266344,.25623602,.05247001,.032650858,.25502864,.086931951,.27889383,.03578493,.18280371,.12353893,.037018009,.055141676,.0076810438,.069142237,.0028386468,77854,4078
2017,Hovedstaden Syd og Vest,13,.46869132,.14697823,.17387223,.21319835,.1831329,.15895367,.12386461,.46384534,.53615469,.75397068,.03427716,.21175218,227832.0226373387,.018216878,.48086974,.16182068,.28845081,.023773279,.026589537,.33264831,.046100371,.39744762,.038996294,.11731872,.039757445,.027731262,.063581467,.009057695,.094915509,.0047698789,39414,1924
2017,Hovedstaden Nord,14,.45416424,.11797709,.15237817,.21017279,.18303242,.16981168,.16662784,.46864685,.53135312,.84736943,.040244613,.11238594,316083.2851890748,.011026985,.49334109,.11850126,.3269074,.025781402,.024247719,.22803339,.051737528,.34606871,.042943116,.17814016,.12838283,.024694234,.055348475,.0099786445,.087730534,.0039992235,51510,2517
2017,Nordsjælland,15,.46648508,.11693904,.14168613,.21286641,.18573281,.19442283,.14835279,.45076525,.54923475,.8792218,.034111544,.086666666,260665.8278273908,.0094941631,.47001296,.13789883,.33813229,.021997405,.02225681,.26702982,.04062257,.38046694,.042153049,.172607,.072632946,.024487678,.064669259,.011906615,.097198442,.00461738,38550,2358
2017,Østsjælland og ørene,16,.4695558,.1179205,.14862527,.21828945,.19340046,.19360891,.12815543,.45706961,.54293042,.91236734,.026181394,.061451234,232347.7445168414,.0091301361,.45137891,.17434807,.32616264,.019865341,.018989848,.31484377,.030392095,.42769891,.035916038,.13380443,.037917163,.019427594,.057907574,.010943656,.096679382,.0047109835,47973,2511
2017,Midt og Vestsjælland,17,.47062182,.12409977,.15180925,.22097312,.20138767,.18265852,.11907167,.46857983,.53142017,.91500527,.020002635,.064992093,227729.0809808251,.012142104,.4495433,.19036536,.30774635,.020222202,.019805023,.3315036,.028697522,.41533461,.036953274,.13593449,.030256456,.021320041,.078253999,.012383629,.10414105,.0056209378,45544,2595
2018,Vendsyssel,1,.47516713,.092978291,.12601514,.19927076,.22230816,.1967847,.16264294,.45301366,.54698634,.94558311,.023092646,.031324238,218195.3403683861,.0087840455,.40406609,.18877409,.36942711,.014805811,.014032374,.34528479,.01955693,.4249489,.032705374,.13347329,.024031822,.019998895,.074250042,.011270096,.11120933,.0074029057,18101,1001
2018,Limfjorden,2,.47488457,.13528129,.13545229,.20603198,.20836183,.18559764,.12927496,.46755302,.53244698,.93623888,.022187073,.041574042,226964.5737919722,.0090629272,.43865424,.18566176,.32288817,.028941518,.014663133,.33231446,.03323786,.39780694,.035482217,.14088149,.041616794,.018660225,.072375171,.012098153,.10636115,.0053009577,46784,2625
2018,Kronjylland,3,.47397846,.11008967,.15020074,.21695246,.20348205,.1903118,.12896326,.45000187,.5499981,.93223518,.022138007,.045626804,228794.2300409244,.0081422832,.44651231,.18858579,.32467824,.018085625,.013845635,.31424713,.026903305,.43221644,.040448762,.13504183,.035570897,.015571648,.093579978,.013733068,.094105288,.0051405202,26651,1594
2018,Horsens,4,.47087148,.11571827,.15929168,.22514923,.19872662,.17863111,.12248309,.42881018,.57118982,.91396737,.025865499,.06016713,243041.2900063237,.0064066853,.47922802,.17859133,.30389974,.017429367,.014365301,.30059689,.026502188,.41675287,.048348587,.15069638,.040469557,.016633505,.10720254,.012455232,.091006763,.0067648231,25130,1419
2018,Aarhus,5,.46205452,.20241638,.13326453,.18565965,.18954526,.16331735,.12579685,.52911174,.47088823,.83361667,.031934917,.13444842,255859.7879381117,.011778277,.42708397,.19467549,.28717139,.062898427,.016210308,.23316738,.075557038,.32375082,.041800741,.1947362,.10730982,.023677979,.099690363,.012688968,.079806931,.0040373988,32942,1753
2018,Vestjylland,6,.47209811,.11733485,.13739543,.21155058,.21664818,.18366368,.13340729,.4138355,.58616447,.91801852,.026417583,.055563886,230862.08380879,.0060271672,.44655013,.19391885,.32201865,.017601727,.013793517,.34414825,.025338091,.41965276,.036252961,.13286754,.025727907,.016012475,.084170438,.018741192,.098203845,.0057872799,33349,1914
2018,Midt,7,.47113186,.11881458,.14960952,.21433687,.20755039,.18197319,.12771544,.44043925,.55956078,.92879307,.023906149,.047300752,236381.8079211859,.0071957167,.46161717,.18330321,.31603178,.019234048,.012515773,.30140164,.026668485,.42198956,.041946594,.15138288,.039866317,.016744535,.083211131,.014255022,.10524162,.0055928794,29323,1615
2018,Fyn,8,.46115866,.13662098,.14112969,.21187931,.20738539,.17431667,.12866794,.4702352,.52976483,.89643294,.024686977,.078880072,224891.4887331087,.010865226,.4345943,.19405147,.31098202,.033024378,.01640871,.30245245,.038375687,.39862818,.039676555,.1590758,.042485256,.019306105,.084024422,.0080860937,.088326164,.0053217439,67647,3427
2018,Trekantsområdet,9,.46400356,.12820956,.15457733,.21832411,.19901738,.17294589,.12692574,.45555994,.54444003,.88924551,.028268812,.082485683,238257.1752168544,.0095793009,.46810192,.17726645,.3050563,.022689117,.017208178,.31174698,.030219238,.40181217,.042563699,.15238,.041748963,.019528935,.10008888,.0093571004,.08525084,.0059500295,40504,1968
2018,Sydvestjylland,10,.47613966,.12838668,.15124474,.21325573,.20756547,.17161332,.12793404,.44717103,.55282897,.91645652,.031037828,.052505657,230579.2341007436,.0068218559,.46165535,.18991271,.30533463,.020594891,.015680568,.33388296,.024312966,.42111218,.041060459,.13604914,.025897188,.017685095,.10352409,.0096993214,.095053345,.0044940189,30930,1703
2018,Sønderjylland,11,.47600797,.11076447,.13013637,.207416,.21944915,.18840063,.14383338,.43690762,.56309235,.88822532,.050242148,.06153252,214347.9097699675,.0074872985,.42309177,.19538283,.34221706,.015539115,.016192768,.34099889,.022848144,.42428023,.035772648,.12924503,.027364293,.019490745,.10604035,.013518733,.093977481,.0065365303,33657,1766
2018,Hovedstaden,12,.46657053,.21119167,.16217129,.19365191,.17248727,.14774971,.11274815,.62641615,.37358382,.76704603,.056594949,.17635901,240174.3653778742,.014356616,.48213544,.1589102,.26070574,.051112149,.03263694,.24834996,.085879847,.27933687,.036937427,.18318002,.12953435,.03678152,.052307453,.0084450683,.072055921,.0044434052,76968,3633
2018,Hovedstaden Syd og Vest,13,.46862409,.1416472,.16959679,.21238098,.18810153,.15779072,.13048276,.46428663,.53571337,.7481457,.03500757,.21684675,233328.4588229607,.018735724,.47819728,.1616662,.2926366,.022662526,.02602469,.32654056,.045941021,.39755666,.039242357,.12178221,.041603573,.027333625,.059030361,.0099581657,.092369683,.0070579783,38963,1848
2018,Hovedstaden Nord,14,.4540408,.1147705,.14774421,.20712043,.18846607,.16812475,.17377403,.47206748,.52793252,.84391916,.040329542,.11575127,319707.521985523,.010690467,.49095723,.11757552,.33063945,.025500197,.024539035,.22432326,.053040408,.34368381,.043134563,.18107101,.13189486,.022852099,.050098076,.010768929,.086524129,.0049627307,50980,2360
2018,Nordsjælland,15,.46585158,.11481453,.13342679,.21174364,.18869247,.19398801,.15733458,.45331362,.54668641,.87737197,.034888249,.087739795,264321.8103796106,.0090335645,.46777251,.13617839,.34288606,.021311944,.022713704,.26368663,.041300002,.38094124,.042779639,.17454508,.075046077,.021701321,.061911065,.012356254,.099447086,.0058406666,38523,2113
2018,Østsjælland og ørene,16,.46993566,.11442838,.14094099,.21968494,.19582567,.19369464,.13542537,.4616622,.53833777,.91037107,.026784223,.062844723,236143.3264267837,.0089420024,.44758064,.17468244,.33166888,.018594351,.018468995,.30950192,.031129869,.42858934,.036896206,.13605215,.039528664,.018301856,.073353671,.01115661,.099114157,.0055574127,47864,2018
2018,Midt og Vestsjælland,17,.47034177,.12046307,.14489526,.21949284,.20341787,.18551268,.1262183,.47426683,.52573317,.91349506,.019911798,.066593163,230957.915005739,.00954796,.44798237,.19093716,.31457552,.018324146,.018566703,.32668138,.029106947,.41695699,.037287761,.1383903,.031356119,.020220507,.082712241,.01353914,.10879824,.0064167585,45350,1859
2019,Vendsyssel,1,.47535923,.090368211,.11899416,.19263583,.22625729,.20184104,.16990346,.4563314,.54366863,.9460597,.022844635,.031095644,224741.5873935553,.007128424,.39790076,.19431971,.37168837,.015211047,.013695555,.34126627,.019083969,.42669511,.033509206,.13577683,.024360126,.019308487,.10092052,.013190391,.11220252,.0081387516,17816,1241
2019,Limfjorden,2,.47505713,.13156988,.13023326,.20131074,.21275815,.18716854,.13695943,.47093952,.52906048,.9357565,.022420557,.041822962,232331.8955469786,.0096365279,.43314794,.19014359,.32393396,.028478419,.014530246,.32608977,.03358772,.39984047,.035959125,.14293106,.043202691,.018389169,.099383436,.011512094,.10940801,.0070926575,46386,3137
2019,Kronjylland,3,.47407126,.10492798,.14245641,.21440485,.2080743,.19325246,.136884,.45318422,.54681575,.93252462,.021758908,.045716453,235493.1941526107,.008225929,.44230479,.19238059,.32611826,.016868841,.013874147,.31004548,.026383623,.43275207,.04131918,.13843821,.037263077,.013798332,.11743745,.012850644,.096171342,.007354056,26380,1795
2019,Horsens,4,.4704707,.11068489,.15292096,.2236474,.20143051,.18081196,.13050428,.43071207,.56928796,.91321027,.02617278,.060616959,250425.4469238509,.0064732679,.47454646,.18284984,.30544233,.016103253,.014544873,.29625189,.026772156,.41676655,.048429634,.15415968,.042116199,.015503876,.1197155,.013106369,.089826584,.0063134339,25026,1805
2019,Aarhus,5,.46146771,.19977316,.12837963,.18220833,.19253878,.16645209,.13064803,.53169638,.46830359,.83180064,.031880327,.13631904,265203.156087319,.011679235,.42621544,.19719821,.28811845,.060296733,.016246704,.22938508,.075531848,.32196063,.042793207,.19505242,.11204095,.023235854,.10511311,.013702409,.08469744,.0052112071,32622,2454
2019,Vestjylland,6,.47286636,.11340206,.13108806,.20639719,.22018321,.18801585,.14091362,.41805485,.58194518,.91692114,.027209239,.055869639,239515.7405810819,.0060162651,.43846178,.20032047,.3247574,.017172053,.013030202,.33908758,.025485987,.41962692,.037518516,.13592526,.026392963,.015962753,.11255555,.020074371,.1060858,.006862775,33077,2405
2019,Midt,7,.46961194,.11498186,.14259805,.20987612,.21206625,.18455273,.13592499,.44579425,.55420572,.92834169,.024228321,.04743002,246647.4378938034,.0059886388,.45448634,.19132845,.31780851,.017829033,.012422148,.29662582,.026589556,.4234823,.042399563,.1537198,.041441381,.015741564,.11238109,.013893642,.10290192,.0075627952,29222,1863
2019,Fyn,8,.46056792,.13194238,.13468651,.20853963,.21070214,.17796636,.13616298,.47355783,.52644217,.89548409,.024891129,.079624772,230629.5634228348,.0096790548,.43065083,.19854739,.31347314,.03133389,.016226212,.29691881,.03876096,.39961523,.040520791,.16100937,.044413291,.018761558,.081653044,.0079043135,.081444249,.0074867266,67052,4188
2019,Trekantsområdet,9,.4638246,.12262886,.14626576,.21655576,.20304896,.17747542,.13402523,.45612773,.5438723,.88812196,.027808124,.084069915,245953.9454085949,.0092610987,.46270731,.18159698,.30847156,.020136062,.017653193,.30651009,.030439964,.40304399,.042754989,.15483166,.043648824,.018770484,.090252258,.0080941506,.077813089,.0069023734,40276,2631
2019,Sydvestjylland,10,.47548619,.12444213,.14450924,.20888035,.2133759,.17467505,.13411734,.44968563,.55031437,.91559434,.031566601,.052839041,236300.7497732289,.006613024,.45975175,.1924618,.30573019,.019773919,.015669284,.32938072,.023748249,.42329869,.041241813,.13867804,.026843013,.01680946,.097143047,.0089585306,.097045317,.0063198358,30697,2260
2019,Sønderjylland,11,.47509232,.10569619,.12473351,.20127316,.22400384,.19157434,.15271898,.44050086,.55949914,.88649672,.050656099,.06284719,224053.0071027187,.00684623,.41722968,.20070264,.34432334,.014082815,.016815301,.33588564,.02312104,.42509684,.03717383,.13121942,.027865358,.01963787,.10584632,.011380356,.090202086,.0084376782,33303,2029
2019,Hovedstaden,12,.46572328,.20675389,.15524988,.19406565,.17656824,.14962383,.11773852,.62628299,.37371701,.76456249,.057143234,.17829427,249625.1355533806,.014242987,.48067775,.16232526,.26114339,.04983069,.031608626,.24252605,.085550152,.27720463,.038130626,.18488215,.13555212,.036154263,.073072717,.0089331595,.076643348,.0089331595,75897,5830
2019,Hovedstaden Syd og Vest,13,.46842366,.1350556,.16398865,.2110732,.19411963,.15766035,.13810256,.46394438,.53605562,.74257141,.03507904,.22234954,240579.8882777866,.015911873,.47826767,.16700956,.29284617,.021953696,.023932915,.32237819,.046433501,.39691138,.039714575,.12437824,.043646969,.02653715,.078673922,.01054715,.099716142,.0089585669,38399,2774
2019,Hovedstaden Nord,14,.4536517,.11354645,.14143851,.20470011,.19435433,.16707548,.1788851,.47469932,.52530068,.8405602,.040275361,.11916442,339236.7500449155,.0089610694,.49066308,.12163713,.33021444,.024865486,.023599463,.22044627,.053825762,.34206361,.043756925,.18337554,.13502927,.02150261,.087157778,.010840323,.092934005,.0065872762,50552,3998
2019,Nordsjælland,15,.46642521,.11295828,.12742007,.20606092,.1957683,.19214633,.16564609,.45621076,.54378927,.87706178,.034812517,.088125698,276396.9367489942,.0079735257,.46462724,.14102197,.34301797,.020793704,.02246137,.25911352,.041405007,.38108763,.043098733,.17760637,.076634444,.021054277,.097532377,.014722359,.1112385,.0075826668,38377,3309
2019,Østsjælland og ørene,16,.46957088,.11150339,.13440928,.21518934,.20228639,.19190519,.14470643,.46522087,.53477913,.90915394,.027150843,.063695207,245042.7623238191,.0084268479,.44237801,.18083049,.33161014,.018660951,.018072542,.30557308,.031269699,.42960113,.03740596,.13802379,.040726263,.017400075,.093136638,.011053671,.10299248,.0072710463,47586,3796
2019,Midt og Vestsjælland,17,.4698787,.11689979,.13757083,.2182631,.20662181,.18767706,.13296743,.47864288,.52135712,.91295594,.020250531,.066793554,239563.1362720881,.0081666075,.44460428,.19529037,.31533286,.017749647,.018811969,.32285765,.029258145,.41771424,.03775673,.14084631,.03255577,.019011155,.10351009,.01409791,.12418113,.0086756377,45184,4012
2020,Vendsyssel,1,.47550696,.087377533,.1111301,.18950786,.23012076,.2012987,.18056504,.456653,.543347,.94691277,.022556391,.030530872,233571.0733306024,.01275917,.38300297,.20386192,.37218046,.014866713,.013271816,.33504215,.020676691,.42851448,.03411939,.13704716,.02540442,.019195717,.095807701,.013784461,.11642743,.011619959,17556,980
2020,Limfjorden,2,.47502616,.12835599,.12550122,.19676168,.21528505,.18965742,.14443864,.47177911,.52822089,.93508106,.022162657,.042756274,246782.3768067809,.014796897,.42124301,.19541056,.32588041,.028961821,.013576535,.31958246,.034758542,.40108526,.036523711,.14559361,.044782951,.017673466,.102663,.011658821,.1088302,.011135809,45888,2581
2020,Kronjylland,3,.47252369,.099858113,.13429458,.21187253,.21294628,.19384898,.14717951,.45242935,.54757065,.93258429,.021819994,.045595735,246372.2943133262,.014380489,.42945892,.19933274,.32894889,.015147448,.01265483,.30340913,.026536794,.43432909,.041914329,.14050695,.039153278,.014150401,.11044215,.013038309,.088660508,.010430648,26077,1427
2020,Horsens,4,.46737993,.10747325,.14270775,.22130159,.20851098,.18128067,.13872577,.43230632,.56769365,.91263777,.026828092,.060534149,263095.8844231776,.010578393,.46186951,.19033062,.30713537,.015565924,.014520152,.29088569,.027069423,.41678062,.049513314,.15750945,.043520231,.014721261,.11793098,.012790604,.079358056,.011865498,24862,1423
2020,Aarhus,5,.46132904,.19552036,.12442767,.17810296,.19722188,.16653261,.13819453,.53418511,.46581489,.8302809,.031833932,.13788517,274968.1508671842,.018190818,.41622323,.20285237,.28963,.058346741,.014694964,.2256837,.075918823,.32010272,.043125849,.19768593,.11499196,.022491029,.10444252,.013828734,.070938006,.0095594609,32324,1696
2020,Vestjylland,6,.47205102,.10904986,.12577043,.20015866,.22429365,.19118814,.14953926,.42033318,.57966679,.91627508,.027277719,.056447186,252195.2354967222,.012540428,.42353696,.20620003,.32711905,.017300298,.01318118,.33444193,.02575212,.42213339,.03829255,.137426,.026728503,.015225484,.1193324,.018978458,.091871604,.009428205,32774,1964
2020,Midt,7,.469632,.11040398,.13582596,.20538186,.21596569,.18601273,.14640979,.44559354,.55440646,.92823046,.024176812,.047592696,258796.9255466392,.01058384,.44241145,.19811843,.32076645,.016429164,.011552297,.29036385,.026667127,.42570558,.043130878,.15650941,.042819589,.014803542,.11977725,.013938849,.098125346,.011517709,28912,1612
2020,Fyn,8,.45953321,.12681301,.12887856,.2041281,.21534541,.1809999,.14383499,.47454995,.52545005,.89539546,.024681121,.079923406,241251.8573116709,.016147513,.41885534,.20456533,.31602991,.029837469,.014549348,.29059494,.039396316,.39961705,.040949252,.16423424,.0463016,.018906612,.077842779,.0084883757,.074314751,.011277629,66326,3668
2020,Trekantsområdet,9,.46352619,.11855554,.13834812,.21314508,.20889667,.17933275,.14172186,.45560414,.54439586,.88754219,.027814569,.08464326,258026.3988132007,.016493814,.45023116,.18650506,.31120831,.020167436,.015219293,.30138698,.030888418,.40339872,.043508682,.1568162,.045707859,.01829314,.082544044,.0088716727,.063301265,.0091215791,40015,2307
2020,Sydvestjylland,10,.47504851,.11855653,.13849139,.20438172,.21740846,.17842692,.14273496,.45119905,.54880095,.91364849,.032665547,.053685978,247611.7387599055,.012072765,.44573835,.20119083,.3100431,.018059805,.012862265,.32392514,.023750782,.42435607,.042304024,.14095858,.027533801,.017171618,.094509691,.0086516002,.074410342,.012895161,30399,2110
2020,Sønderjylland,11,.47504789,.10056868,.12070066,.19532889,.22805096,.193413,.16193777,.44390717,.5560928,.88614178,.050664477,.063193746,231118.9374785001,.012802968,.40440348,.20667215,.34668371,.014475564,.014901317,.33059636,.023842108,.42781985,.037709456,.13335158,.028555788,.018124867,.09120214,.010035581,.072499469,.012407627,32883,1879
2020,Hovedstaden,12,.46487361,.20094028,.14927872,.19353327,.1820678,.15107355,.12310639,.62459987,.37540016,.76246667,.057407681,.18012564,260915.3376144878,.025395464,.4695884,.16610187,.26140183,.048004929,.029360158,.23766726,.084772095,.2749702,.038387869,.18810859,.13971524,.036378734,.080901161,.0091080777,.064841479,.015470338,74659,4515
2020,Hovedstaden Syd og Vest,13,.46880269,.13124473,.15672429,.20960687,.19991042,.15743572,.14507799,.46448144,.53551853,.73751056,.035176013,.22731344,250340.8175323592,.024004005,.46790683,.17108452,.29302803,.021131957,.022686552,.31776983,.046216272,.39700148,.040261384,.12629111,.046216272,.026243676,.085555442,.010724072,.081497684,.011224705,37952,2291
2020,Hovedstaden Nord,14,.45290115,.11072429,.13419367,.20388155,.19891956,.16724689,.18503401,.47581032,.52418965,.8381753,.03997599,.12184874,347170.4629376128,.015706282,.48337334,.12503001,.32983193,.024229692,.021808723,.21618648,.053561423,.34143656,.044437774,.18517406,.13797519,.021228492,.10058023,.01242497,.084733896,.0085634254,49980,3361
2020,Nordsjælland,15,.46561098,.11029702,.12051262,.20252633,.20192231,.18871294,.17602879,.45760131,.54239869,.87591588,.035268784,.088815361,288577.0747417581,.012684156,.45725989,.14493553,.34399539,.020851389,.02022112,.25420836,.042490613,.38026208,.044538986,.17973161,.078914888,.019853463,.10304893,.013603298,.093752459,.011765014,38079,2441
2020,Østsjælland og ørene,16,.46934196,.10813385,.12832561,.21199229,.20733592,.19012848,.15408386,.46540523,.53459477,.90761316,.027028171,.065358646,253834.540386462,.014815755,.43549854,.18578957,.33104748,.016953457,.015831692,.29915127,.031176582,.43103266,.038330477,.14038986,.042627044,.017292103,.10277902,.011513959,.10637712,.013863314,47247,3165
2020,Midt og Vestsjælland,17,.47005981,.11386832,.13058947,.21186045,.21399507,.18820181,.14148489,.48044384,.51955616,.91254753,.020612366,.066840105,247041.3225119964,.014075112,.43136993,.2003869,.31741267,.019122584,.017566096,.31779069,.029528828,.41896248,.038511995,.14279678,.033286639,.019122584,.10377338,.013452516,.11535811,.012340738,44973,3036
2021,Vendsyssel,1,.47519538,.083125904,.10460202,.18581766,.23357452,.2009262,.19195369,.46338639,.53661358,.94720697,.022691751,.030101303,239194.2633874521,.0086830677,.38037628,.21591896,.37204051,.011982634,.010998553,.31340086,.020549927,.42703328,.035426918,.14072359,.026512301,.036353111,.1087699,.012503618,.11693198,.014703329,17275,1056
2021,Limfjorden,2,.47487375,.12334899,.11891689,.19196931,.22171506,.18947764,.15457211,.47529271,.52470726,.93481952,.022358933,.042821549,251371.4901167116,.0084672887,.42285725,.20383233,.32585829,.026085423,.012745033,.29692841,.033670701,.39807281,.037948448,.15126458,.049238164,.032876894,.10833278,.011929175,.1053119,.012833234,45351,2742
2021,Kronjylland,3,.47223836,.096594214,.12526637,.20942307,.21709481,.19489326,.15672827,.45813477,.54186523,.93250418,.021852842,.045642994,257594.7381260851,.0083304271,.42988878,.20783448,.32864505,.013754892,.011468868,.28331202,.028594676,.43271726,.04335697,.14409702,.040605988,.027316052,.12418149,.013948622,.085861519,.011895075,25809,1327
2021,Horsens,4,.46749413,.10378426,.13527937,.21569499,.21500768,.18209752,.14813617,.43486699,.56513304,.91194308,.026966928,.061089996,270971.0008665362,.006347538,.46219778,.19600549,.30823967,.013827121,.013261098,.27181208,.028341554,.41186222,.050295141,.1623676,.046656426,.028664995,.12549527,.013827121,.089997575,.013422819,24734,1519
2021,Aarhus,5,.46083468,.18981075,.12119313,.17376864,.20112169,.1689748,.14513096,.53835064,.46164933,.82989722,.030862264,.1392405,289389.3448848094,.012376238,.4180975,.20823412,.28866398,.058277979,.014350169,.21099135,.065891713,.30821532,.044147138,.20422359,.12861888,.037912019,.11326607,.015634792,.076356687,.012595563,31916,1691
2021,Vestjylland,6,.47069722,.10526153,.11965047,.19511518,.22787625,.19335516,.15874143,.42617181,.57382822,.91613662,.026894337,.056969061,258678.0351980024,.0067313039,.42249736,.21391959,.32918546,.015160872,.012443649,.31226456,.027789786,.42126226,.039832026,.14305565,.027017847,.028777868,.1285432,.021305501,.098252334,.012783301,32386,2131
2021,Midt,7,.46923399,.10436724,.1303544,.20175806,.22003628,.18909585,.15438817,.45071161,.54928839,.92796844,.023964001,.048067532,267262.0589614884,.006278778,.43874705,.20709501,.3226943,.014510953,.010569276,.27169666,.026754569,.42179433,.044370029,.16174829,.045207199,.02842891,.12212223,.01628994,.099693038,.014510953,28668,1671
2021,Fyn,8,.45893794,.12125046,.12350628,.1994269,.21953115,.18313316,.15315205,.47837153,.52162844,.89508903,.024722595,.080188394,250349.4359816765,.0091452263,.41773868,.21415071,.31733936,.027938666,.013641629,.27190283,.038257528,.39399159,.041824169,.17095476,.05116754,.031901598,.085187785,.0094957929,.077429585,.015851725,65608,3783
2021,Trekantsområdet,9,.46331036,.11346376,.13177086,.20939998,.21478148,.18005331,.15053061,.45807976,.54192024,.88678771,.02793844,.085273854,267480.6467002641,.0090781068,.45405623,.1941357,.31109491,.017980184,.013579439,.28262839,.032112859,.39933613,.044862445,.16126841,.048332747,.031459037,.089372829,.0095559023,.067771465,.012146055,39766,2486
2021,Sydvestjylland,10,.4757992,.11400153,.13309604,.1990619,.22148298,.18159741,.15076011,.45653838,.54346162,.9129104,.032866504,.054223079,258073.8179900825,.0075845779,.44203454,.21107082,.3104687,.016898973,.011909118,.30361599,.024516815,.42410433,.043578058,.14646885,.029007684,.028708294,.10059546,.009613785,.077808455,.014237717,30061,2060
2021,Sønderjylland,11,.47336951,.093484156,.11730982,.18964987,.23280114,.19445814,.17229688,.44723216,.55276787,.88629639,.05045617,.063247442,238734.9200404646,.0063802246,.40429664,.21292073,.34915546,.012976205,.014147454,.31312415,.025120208,.42540994,.039421774,.13737518,.028818889,.030729873,.10510418,.01211318,.072617434,.014794723,32444,1981
2021,Hovedstaden,12,.46403998,.19712484,.14165574,.19203255,.1893021,.15043414,.12945063,.62745738,.37254259,.76008904,.057762668,.18214832,275888.0689430475,.019003931,.47489351,.17141765,.26010266,.046758957,.027659459,.22291394,.077189818,.26598677,.038335517,.1932749,.1541339,.048165139,.085749783,.0089968331,.068670817,.014839996,73248,4760
2021,Hovedstaden Syd og Vest,13,.46958917,.1264042,.15058307,.20921151,.20645662,.15644057,.15090403,.46790415,.53209585,.73165184,.035225205,.23312293,259397.179111405,.019712208,.46809137,.18048571,.2900396,.020514604,.021022787,.29956135,.046913449,.38967049,.041564137,.13137905,.048758961,.042152561,.09602011,.010671874,.088691562,.013667487,37388,2443
2021,Hovedstaden Nord,14,.45266706,.1075546,.12917106,.19968337,.20662498,.16649753,.19046846,.4793984,.52060163,.83502477,.039823011,.12515223,363916.4604989676,.010919867,.48542663,.13095722,.32757571,.024234798,.020784281,.19818138,.056223106,.33230495,.044410165,.18793131,.14299342,.037955672,.10420557,.012442153,.089145087,.0096614435,49268,3516
2021,Nordsjælland,15,.46526989,.10729478,.11445481,.19746889,.20861846,.18594943,.18621364,.46223149,.53776848,.87518823,.03537742,.089434333,298539.9257060988,.008771698,.45824197,.15115327,.34354937,.018785173,.019419271,.2318159,.046474148,.37633756,.045047425,.18317525,.081323154,.035826575,.11236756,.015007001,.10248619,.013818067,37849,2729
2021,Østsjælland og ørene,16,.46855387,.103689,.12264635,.20686564,.21529824,.18758807,.16391273,.469237,.53076297,.90679306,.02685624,.066350713,263166.0087255332,.0099696852,.43516502,.1936937,.32942659,.016587678,.015071944,.27748603,.033495583,.4262414,.039302334,.14467785,.045002349,.033794459,.10701934,.012446095,.10667777,.015883181,46842,3402
2021,Midt og Vestsjælland,17,.47081035,.11003374,.12308139,.20932104,.21863759,.18769409,.15123215,.48564535,.51435465,.91215175,.021023706,.066824548,257688.1547670049,.010031502,.43037155,.20903058,.31645033,.017739449,.016331911,.29741505,.03074242,.41732389,.040148351,.14578074,.035568267,.033021294,.11213388,.015170134,.11825555,.015773363,44759,3274
2022,Vendsyssel,1,.47451928,.077857733,.10109708,.17783414,.23781998,.20591012,.19948095,.46378437,.53621566,.947505,.023003422,.029491566,240571.6153997827,.0041878023,.37566355,.22761591,.37141678,.010911879,.010145099,.30576855,.020290198,.43028194,.036333609,.14315206,.027132241,.037041407,.11177304,.012799339,.11218592,.019287484,16954,1166
2022,Limfjorden,2,.47464028,.12058719,.11442041,.1840647,.22638306,.1921977,.16234694,.47814819,.52185184,.93439984,.022432746,.043167397,252534.474070315,.0043122708,.42115024,.21440701,.32317454,.024823487,.012020735,.2912682,.032978818,.39722049,.038855124,.15403521,.050719455,.034922693,.10208687,.01311556,.096568055,.016779874,44756,2720
2022,Kronjylland,3,.47119454,.091236874,.12070858,.20430318,.22389872,.1932513,.16660134,.46100485,.53899515,.93106288,.023044365,.045892771,255816.9428174666,.0045461673,.42585045,.2161389,.32838219,.012619533,.012345195,.27625802,.028374353,.43313998,.043815646,.14622198,.042287193,.029902807,.10808904,.013129017,.093274809,.013912839,25516,1437
2022,Horsens,4,.46637648,.10080957,.12993775,.20943005,.21996664,.18253936,.15731663,.43602782,.56397218,.91119158,.027338188,.06147024,270474.1479172772,.0032545461,.4564501,.20637891,.30816483,.013425003,.01224523,.26544893,.028314551,.41182214,.051503193,.16402912,.0476791,.031202961,.1081323,.01269273,.0747732,.015174322,24581,1453
2022,Aarhus,5,.46125156,.18613918,.11862029,.16800025,.20459689,.16857406,.1540693,.54247826,.45752177,.82833368,.030220918,.14144538,279870.5045745026,.0060250564,.42232779,.21256654,.28805509,.056552649,.014345373,.20625459,.06697695,.3055883,.044406898,.20478816,.13153113,.040453952,.09263923,.01418598,.077528767,.013835315,31369,1688
2022,Vestjylland,6,.4709481,.10045806,.11504675,.18974712,.23335634,.19432767,.16706407,.42950368,.57049632,.91526008,.027577335,.057162579,259784.1644755847,.0029804856,.41899353,.22488549,.32732007,.013772981,.01198469,.3057037,.027232226,.42266425,.041193448,.14547907,.02779695,.029930351,.1078622,.019482965,.092300937,.016063249,31874,2013
2022,Midt,7,.46838209,.099753261,.12442721,.19612266,.22685936,.18861474,.16422278,.45562214,.54437786,.92841029,.023369757,.048219949,266646.2251692539,.0029608742,.43757489,.21258372,.32210082,.013605922,.011138527,.26654917,.027634826,.42030314,.04518858,.16401128,.04659852,.029714487,.10666197,.014557632,.10507578,.01646105,28370,1608
2022,Fyn,8,.45880282,.11575031,.11817368,.1942395,.22484796,.18499367,.16199487,.48224926,.51775074,.89496189,.024665823,.080372304,250197.6356251551,.0049547744,.41759023,.22101997,.31622574,.02565369,.014463001,.26656994,.037677892,.3910104,.042493749,.17429692,.052495908,.03545519,.084169418,.0078257648,.075355783,.017750749,64786,3750
2022,Trekantsområdet,9,.46190259,.10971041,.12649351,.20438437,.22038275,.17937425,.15965472,.46167478,.53832525,.8855812,.027364317,.087054476,267184.7966130262,.0054678009,.45489064,.20084043,.30908263,.015390847,.014226408,.27799717,.032173958,.39801031,.045261238,.16454031,.049513973,.032503039,.091838799,.0092395702,.073941879,.014251721,39504,2649
2022,Sydvestjylland,10,.47441137,.10711752,.12796001,.1957234,.22632842,.18143432,.16143633,.45900753,.54099244,.91335338,.032766949,.053879675,256010.6372822109,.0027699894,.43830016,.22271392,.30895516,.015741648,.011519102,.2973685,.024355639,.42438266,.044083372,.14795798,.030199641,.031652197,.10096949,.0088504544,.079822987,.01699152,29603,2241
2022,Sønderjylland,11,.4732112,.08727102,.11291686,.18302803,.23444496,.19780804,.18453108,.45044622,.54955375,.88598716,.050759356,.063253485,241622.2732795003,.0031626741,.39749491,.22420542,.35049319,.010364803,.014122436,.30721778,.025050884,.42480037,.039768279,.1390011,.029340848,.034820728,.094723657,.010677939,.072960705,.01719117,31935,1854
2022,Hovedstaden,12,.46369356,.19168182,.13543968,.18884385,.1960576,.15264924,.13532783,.62942821,.37057179,.7587446,.056815322,.18444009,273105.8856572784,.009814064,.48260871,.17549279,.25871661,.04623235,.026939746,.21795051,.078736193,.26275688,.038948692,.19333147,.15666154,.051614705,.076555289,.0091569973,.071242832,.014064029,71530,4641
2022,Hovedstaden Syd og Vest,13,.46902966,.1219771,.14705803,.20491825,.21147412,.15614374,.15842877,.47030821,.52969182,.72478986,.036152445,.23905769,260258.2396090579,.0095481621,.47395337,.19128968,.28644487,.018661082,.019939611,.29479611,.04643508,.38725823,.041973829,.13459916,.051630806,.043306764,.085226193,.010473056,.086178288,.017355349,36761,2483
2022,Hovedstaden Nord,14,.45334187,.10368473,.12539244,.19367564,.21488763,.1648009,.19755866,.48118392,.51881611,.8321836,.039697621,.1281188,357921.7803037748,.0054320884,.48868144,.13596745,.32522306,.022347985,.022162095,.19334517,.055415563,.32887888,.044737276,.19074273,.14645985,.040420521,.096063286,.012578486,.089102775,.011649041,48416,3252
2022,Nordsjælland,15,.4647921,.10523646,.10956234,.19060589,.21541296,.18163368,.19754867,.46439156,.53560841,.8746562,.03570189,.089641914,299530.9090356482,.0043792892,.45910439,.15712035,.34161127,.017463751,.02024086,.22636119,.047371093,.37453604,.045849022,.18478464,.083793961,.037304066,.10037651,.014873561,.10678523,.014926967,37449,2575
2022,Østsjælland og ørene,16,.4674218,.099741101,.11909385,.20056094,.2237972,.18433657,.17247033,.47357064,.52642936,.90591156,.027141316,.06694714,267541.4492972687,.004919094,.43523192,.20241639,.32597628,.015555556,.015857605,.27167207,.033009708,.42571735,.039827399,.14774542,.046968717,.035059333,.10748652,.012427185,.11186624,.016483279,46350,3418
2022,Midt og Vestsjælland,17,.47028232,.10507002,.11927597,.20241794,.22661984,.18542032,.16119592,.48831555,.51168448,.91127473,.021162592,.067562699,257615.0317462538,.0047278129,.43124411,.21975325,.31381422,.014363546,.015984511,.28992751,.030415596,.41784862,.040569138,.14840831,.036809403,.036021434,.10880724,.013980819,.11182404,.016007025,44418,3205
